enrolment_id,lead_id,programme_id,enrolment_date,status,completion_date
E00001,L00009,P005,2024-02-27,Completed,2024-05-07
E00002,L00034,P005,2025-06-01,Dropped Out,
E00003,L00038,P002,2025-02-10,In Progress,
E00004,L00048,P005,2024-09-07,In Progress,
E00005,L00049,P003,2025-02-03,Completed,2025-04-28
E00006,L00057,P003,2024-11-12,Dropped Out,
E00007,L00071,P003,2024-02-17,Completed,2024-05-11
E00008,L00078,P004,2025-05-26,Completed,2025-09-15
E00009,L00082,P001,2024-05-02,Completed,2024-07-25
E00010,L00096,P001,2025-10-27,In Progress,
E00011,L00098,P004,2025-11-29,Dropped Out,
E00012,L00117,P003,2024-12-03,In Progress,
E00013,L00118,P002,2025-06-06,In Progress,
E00014,L00132,P005,2024-06-23,Dropped Out,
E00015,L00137,P003,2026-01-02,Dropped Out,
E00016,L00144,P003,2025-07-30,Completed,2025-10-22
E00017,L00172,P002,2025-11-05,Completed,2026-02-25
E00018,L00181,P003,2025-04-24,In Progress,
E00019,L00188,P005,2024-03-28,In Progress,
E00020,L00213,P001,2025-10-08,Completed,2025-12-31
E00021,L00224,P005,2025-12-13,Completed,2026-02-21
E00022,L00225,P003,2025-02-19,Completed,2025-05-14
E00023,L00250,P004,2025-10-22,Completed,2026-02-11
E00024,L00257,P003,2025-01-22,Completed,2025-04-16
E00025,L00260,P004,2024-11-17,Dropped Out,
E00026,L00262,P004,2025-02-13,Completed,2025-06-05
E00027,L00276,P004,2024-11-02,Dropped Out,
E00028,L00285,P002,2024-01-26,Completed,2024-05-17
E00029,L00288,P003,2025-02-03,Completed,2025-04-28
E00030,L00289,P001,2025-04-16,Completed,2025-07-09
E00031,L00294,P003,2026-01-13,Completed,2026-04-07
E00032,L00317,P001,2025-10-17,In Progress,
E00033,L00328,P005,2024-09-07,Completed,2024-11-16
E00034,L00378,P003,2025-06-24,Completed,2025-09-16
E00035,L00397,P002,2025-11-22,Completed,2026-03-14
E00036,L00404,P001,2025-06-14,Completed,2025-09-06
E00037,L00424,P005,2025-10-23,Completed,2026-01-01
E00038,L00451,P001,2024-05-30,Completed,2024-08-22
E00039,L00454,P005,2024-07-05,Completed,2024-09-13
E00040,L00466,P004,2025-06-23,Completed,2025-10-13
E00041,L00502,P003,2025-02-02,Completed,2025-04-27
E00042,L00516,P004,2024-12-18,Completed,2025-04-09
E00043,L00522,P004,2025-05-17,Dropped Out,
E00044,L00539,P003,2024-05-21,In Progress,
E00045,L00544,P002,2024-04-25,Completed,2024-08-15
E00046,L00570,P001,2024-03-03,Completed,2024-05-26
E00047,L00575,P001,2024-09-14,Completed,2024-12-07
E00048,L00585,P001,2024-12-28,In Progress,
E00049,L00595,P004,2024-03-03,Completed,2024-06-23
E00050,L00601,P003,2024-08-10,Completed,2024-11-02
E00051,L00609,P003,2024-02-16,Completed,2024-05-10
E00052,L00615,P001,2024-02-08,Completed,2024-05-02
E00053,L00620,P001,2025-12-15,Completed,2026-03-09
E00054,L00625,P004,2025-05-07,Completed,2025-08-27
E00055,L00636,P005,2024-05-10,Dropped Out,
E00056,L00640,P005,2024-05-22,Completed,2024-07-31
E00057,L00660,P004,2025-12-21,Completed,2026-04-12
E00058,L00693,P004,2024-06-23,Completed,2024-10-13
E00059,L00696,P001,2025-01-01,Completed,2025-03-26
E00060,L00706,P002,2024-04-11,In Progress,
E00061,L00728,P005,2025-03-31,Completed,2025-06-09
E00062,L00743,P001,2025-08-16,In Progress,
E00063,L00748,P001,2026-02-01,Completed,2026-04-26
E00064,L00751,P004,2025-02-19,Completed,2025-06-11
E00065,L00755,P001,2024-05-30,Completed,2024-08-22
E00066,L00776,P002,2024-02-23,Completed,2024-06-14
E00067,L00789,P003,2025-04-30,Completed,2025-07-23
E00068,L00796,P005,2025-03-30,Completed,2025-06-08
E00069,L00803,P003,2025-10-28,Completed,2026-01-20
E00070,L00826,P003,2024-10-08,Dropped Out,
E00071,L00843,P005,2024-12-24,Completed,2025-03-04
E00072,L00849,P002,2025-02-18,Completed,2025-06-10
E00073,L00853,P005,2024-11-06,Completed,2025-01-15
E00074,L00892,P002,2026-01-24,Dropped Out,
E00075,L00899,P003,2025-11-14,Completed,2026-02-06
E00076,L00903,P004,2024-05-04,Completed,2024-08-24
E00077,L00913,P005,2025-08-25,Completed,2025-11-03
E00078,L00916,P001,2024-08-08,In Progress,
E00079,L00920,P002,2024-03-06,Dropped Out,
E00080,L00921,P002,2025-11-19,Completed,2026-03-11
E00081,L00922,P004,2024-11-11,Completed,2025-03-03
E00082,L00931,P005,2025-09-21,Completed,2025-11-30
E00083,L00935,P002,2025-05-22,Completed,2025-09-11
E00084,L00941,P001,2024-10-14,Completed,2025-01-06
E00085,L00949,P001,2025-05-30,Completed,2025-08-22
E00086,L00952,P005,2024-12-22,Completed,2025-03-02
E00087,L00955,P001,2025-04-24,In Progress,
E00088,L00959,P004,2024-08-18,In Progress,
E00089,L00963,P003,2025-09-01,Completed,2025-11-24
E00090,L00966,P002,2024-04-27,Dropped Out,
E00091,L00967,P004,2024-04-08,In Progress,
E00092,L00970,P001,2024-06-02,Completed,2024-08-25
E00093,L00971,P001,2025-05-07,Completed,2025-07-30
E00094,L00972,P004,2025-04-08,Completed,2025-07-29
E00095,L01004,P001,2025-01-28,Completed,2025-04-22
E00096,L01013,P005,2026-01-29,Completed,2026-04-09
E00097,L01016,P005,2025-07-01,In Progress,
E00098,L01018,P001,2025-07-19,Dropped Out,
E00099,L01026,P002,2024-01-21,Completed,2024-05-12
E00100,L01029,P003,2024-02-09,Completed,2024-05-03
E00101,L01046,P004,2025-10-24,Completed,2026-02-13
E00102,L01054,P001,2024-10-23,Completed,2025-01-15
E00103,L01055,P004,2025-04-03,Completed,2025-07-24
E00104,L01057,P001,2025-03-09,Completed,2025-06-01
E00105,L01076,P003,2024-08-13,Completed,2024-11-05
E00106,L01077,P003,2024-09-21,Dropped Out,
E00107,L01087,P003,2025-07-28,Completed,2025-10-20
E00108,L01090,P001,2024-09-25,Completed,2024-12-18
E00109,L01096,P002,2024-06-22,In Progress,
E00110,L01098,P001,2025-05-29,Completed,2025-08-21
E00111,L01167,P004,2025-05-15,Completed,2025-09-04
E00112,L01168,P004,2025-09-16,Completed,2026-01-06
E00113,L01189,P003,2025-06-14,Dropped Out,
E00114,L01215,P004,2025-03-08,Completed,2025-06-28
E00115,L01218,P002,2024-02-14,Completed,2024-06-05
E00116,L01229,P003,2025-08-17,In Progress,
E00117,L01238,P002,2024-12-10,Completed,2025-04-01
E00118,L01240,P002,2024-12-17,Completed,2025-04-08
E00119,L01246,P004,2025-08-19,In Progress,
E00120,L01251,P004,2024-11-07,In Progress,
E00121,L01261,P005,2025-06-21,Dropped Out,
E00122,L01272,P002,2025-12-16,Completed,2026-04-07
E00123,L01281,P005,2025-08-12,Completed,2025-10-21
E00124,L01283,P002,2025-09-25,Completed,2026-01-15
E00125,L01291,P002,2025-01-07,Completed,2025-04-29
E00126,L01293,P002,2025-07-14,Dropped Out,
E00127,L01302,P004,2025-01-03,Completed,2025-04-25
E00128,L01306,P004,2025-05-12,In Progress,
E00129,L01326,P001,2024-06-08,In Progress,
E00130,L01334,P005,2025-01-01,Completed,2025-03-12
E00131,L01335,P004,2025-08-06,Completed,2025-11-26
E00132,L01345,P003,2024-06-22,Dropped Out,
E00133,L01346,P005,2025-08-10,Completed,2025-10-19
E00134,L01356,P004,2024-04-22,Completed,2024-08-12
E00135,L01364,P002,2025-06-09,In Progress,
E00136,L01371,P001,2024-08-14,Completed,2024-11-06
E00137,L01375,P002,2025-12-20,Completed,2026-04-11
E00138,L01379,P001,2025-04-05,Dropped Out,
E00139,L01398,P001,2026-01-08,Completed,2026-04-02
E00140,L01399,P005,2024-02-09,In Progress,
E00141,L01415,P001,2024-02-22,Dropped Out,
E00142,L01426,P005,2025-02-02,In Progress,
E00143,L01435,P002,2024-02-12,Completed,2024-06-03
E00144,L01441,P003,2025-09-24,In Progress,
E00145,L01471,P005,2025-03-03,Completed,2025-05-12
E00146,L01473,P005,2025-11-30,Completed,2026-02-08
E00147,L01482,P005,2024-08-25,In Progress,
E00148,L01483,P001,2025-07-02,Completed,2025-09-24
E00149,L01488,P004,2025-01-27,Dropped Out,
E00150,L01493,P003,2026-01-18,Completed,2026-04-12
E00151,L01495,P003,2024-04-04,In Progress,
E00152,L01504,P001,2024-02-18,Completed,2024-05-12
E00153,L01506,P002,2026-01-28,Completed,2026-05-20
E00154,L01522,P001,2024-04-02,Completed,2024-06-25
E00155,L01528,P003,2024-08-31,Completed,2024-11-23
E00156,L01539,P002,2024-04-29,Completed,2024-08-19
E00157,L01541,P001,2024-12-05,Completed,2025-02-27
E00158,L01547,P002,2024-08-11,Dropped Out,
E00159,L01553,P002,2025-12-13,Completed,2026-04-04
E00160,L01570,P001,2025-12-08,Completed,2026-03-02
E00161,L01573,P002,2024-03-31,Completed,2024-07-21
E00162,L01584,P001,2024-12-14,Completed,2025-03-08
E00163,L01601,P004,2025-01-29,Completed,2025-05-21
E00164,L01607,P003,2025-07-10,Completed,2025-10-02
E00165,L01652,P004,2024-05-08,Completed,2024-08-28
E00166,L01660,P005,2025-05-05,Completed,2025-07-14
E00167,L01681,P002,2025-08-18,Completed,2025-12-08
E00168,L01697,P001,2024-12-05,Completed,2025-02-27
E00169,L01699,P005,2025-06-14,In Progress,
E00170,L01704,P003,2024-05-27,Completed,2024-08-19
E00171,L01708,P004,2024-03-01,Completed,2024-06-21
E00172,L01723,P005,2024-03-13,In Progress,
E00173,L01729,P005,2025-03-05,Dropped Out,
E00174,L01736,P004,2025-01-22,In Progress,
E00175,L01741,P003,2025-01-06,Completed,2025-03-31
E00176,L01751,P005,2025-04-01,Completed,2025-06-10
E00177,L01757,P003,2024-11-12,Completed,2025-02-04
E00178,L01765,P003,2024-11-29,In Progress,
E00179,L01770,P004,2025-12-11,Completed,2026-04-02
E00180,L01826,P003,2024-12-06,Completed,2025-02-28
E00181,L01834,P005,2025-03-28,Completed,2025-06-06
E00182,L01844,P003,2024-12-17,Dropped Out,
E00183,L01857,P005,2024-04-29,Completed,2024-07-08
E00184,L01859,P003,2025-12-06,Completed,2026-02-28
E00185,L01885,P002,2025-12-18,Completed,2026-04-09
E00186,L01912,P001,2024-07-26,In Progress,
E00187,L01926,P002,2025-10-27,Completed,2026-02-16
E00188,L01932,P004,2024-07-02,Completed,2024-10-22
E00189,L01936,P003,2024-04-27,Completed,2024-07-20
E00190,L01938,P002,2025-04-11,In Progress,
E00191,L01941,P002,2024-10-15,In Progress,
E00192,L01954,P002,2024-08-23,Completed,2024-12-13
E00193,L01955,P002,2024-05-15,Completed,2024-09-04
E00194,L01957,P001,2024-10-16,In Progress,
E00195,L01977,P005,2026-01-24,Completed,2026-04-04
E00196,L01987,P003,2025-10-17,Completed,2026-01-09
E00197,L02001,P004,2024-09-09,In Progress,
E00198,L02015,P004,2024-11-11,In Progress,
E00199,L02027,P005,2024-04-03,Completed,2024-06-12
E00200,L02047,P002,2024-08-24,Completed,2024-12-14
E00201,L02056,P004,2024-04-18,Completed,2024-08-08
E00202,L02057,P004,2024-09-29,Completed,2025-01-19
E00203,L02070,P004,2024-06-05,Completed,2024-09-25
E00204,L02076,P004,2025-02-21,Completed,2025-06-13
E00205,L02096,P005,2024-05-05,Completed,2024-07-14
E00206,L02114,P005,2024-03-03,Completed,2024-05-12
E00207,L02116,P005,2024-06-15,In Progress,
E00208,L02126,P003,2025-12-26,Completed,2026-03-20
E00209,L02134,P004,2024-11-28,Completed,2025-03-20
E00210,L02136,P002,2024-07-23,In Progress,
E00211,L02142,P004,2024-10-06,Completed,2025-01-26
E00212,L02149,P005,2025-03-03,In Progress,
E00213,L02169,P005,2025-02-04,In Progress,
E00214,L02185,P005,2026-01-03,In Progress,
E00215,L02192,P002,2026-01-13,Completed,2026-05-05
E00216,L02195,P004,2024-12-11,Completed,2025-04-02
E00217,L02222,P003,2024-02-18,Completed,2024-05-12
E00218,L02224,P001,2024-02-16,Completed,2024-05-10
E00219,L02234,P004,2025-08-04,In Progress,
E00220,L02252,P003,2024-06-13,Completed,2024-09-05
E00221,L02295,P005,2025-11-26,Completed,2026-02-04
E00222,L02299,P005,2024-06-11,In Progress,
E00223,L02309,P001,2025-11-22,Completed,2026-02-14
E00224,L02314,P005,2026-01-14,Completed,2026-03-25
E00225,L02336,P005,2025-10-25,Completed,2026-01-03
E00226,L02338,P001,2024-08-07,In Progress,
E00227,L02346,P001,2025-07-29,Completed,2025-10-21
E00228,L02354,P003,2025-03-01,Completed,2025-05-24
E00229,L02374,P005,2024-06-09,Completed,2024-08-18
E00230,L02379,P005,2024-08-18,Completed,2024-10-27
E00231,L02394,P002,2024-09-09,Completed,2024-12-30
E00232,L02401,P005,2025-08-25,Dropped Out,
E00233,L02428,P004,2025-02-21,In Progress,
E00234,L02429,P004,2024-08-15,Completed,2024-12-05
E00235,L02434,P004,2024-11-12,Completed,2025-03-04
E00236,L02439,P005,2025-06-26,Completed,2025-09-04
E00237,L02460,P005,2024-11-24,Completed,2025-02-02
E00238,L02475,P005,2024-11-04,Completed,2025-01-13
E00239,L02478,P002,2025-03-15,Completed,2025-07-05
E00240,L02480,P003,2024-10-15,In Progress,
E00241,L02481,P001,2025-10-30,Completed,2026-01-22
E00242,L02499,P001,2024-09-13,Dropped Out,
E00243,L02502,P001,2025-08-28,Completed,2025-11-20
E00244,L02531,P002,2025-03-21,Completed,2025-07-11
E00245,L02544,P002,2024-08-17,Completed,2024-12-07
E00246,L02565,P003,2024-08-19,Completed,2024-11-11
E00247,L02572,P004,2024-12-16,Completed,2025-04-07
E00248,L02579,P002,2024-11-16,Completed,2025-03-08
E00249,L02583,P004,2025-04-11,Dropped Out,
E00250,L02584,P005,2024-07-15,Completed,2024-09-23
E00251,L02585,P003,2024-08-02,Dropped Out,
E00252,L02599,P001,2025-12-23,Completed,2026-03-17
E00253,L02610,P005,2025-06-09,Completed,2025-08-18
E00254,L02615,P005,2024-04-24,Completed,2024-07-03
E00255,L02622,P002,2024-12-23,Completed,2025-04-14
E00256,L02642,P004,2026-01-26,Completed,2026-05-18
E00257,L02658,P001,2025-09-22,Completed,2025-12-15
E00258,L02672,P005,2025-05-12,Dropped Out,
E00259,L02674,P004,2024-03-25,Dropped Out,
E00260,L02678,P002,2024-04-16,Completed,2024-08-06
E00261,L02681,P004,2025-04-20,Completed,2025-08-10
E00262,L02689,P002,2024-03-05,Completed,2024-06-25
E00263,L02690,P002,2025-06-09,In Progress,
E00264,L02697,P004,2025-09-30,Completed,2026-01-20
E00265,L02704,P005,2024-06-16,Dropped Out,
E00266,L02711,P004,2024-09-23,Completed,2025-01-13
E00267,L02712,P003,2024-05-15,Completed,2024-08-07
E00268,L02714,P004,2025-09-01,Completed,2025-12-22
E00269,L02718,P004,2024-06-08,In Progress,
E00270,L02721,P001,2025-12-06,Completed,2026-02-28
E00271,L02722,P004,2025-02-04,Completed,2025-05-27
E00272,L02739,P005,2025-05-03,In Progress,
E00273,L02742,P002,2024-08-23,Completed,2024-12-13
E00274,L02754,P001,2024-03-23,In Progress,
E00275,L02755,P003,2024-11-08,Completed,2025-01-31
E00276,L02764,P003,2025-10-14,Dropped Out,
E00277,L02799,P003,2024-10-06,In Progress,
E00278,L02804,P003,2025-01-23,Completed,2025-04-17
E00279,L02806,P003,2025-07-27,Completed,2025-10-19
E00280,L02809,P005,2025-06-19,Completed,2025-08-28
E00281,L02810,P005,2026-01-03,Completed,2026-03-14
E00282,L02814,P005,2025-06-10,In Progress,
E00283,L02818,P001,2024-10-23,Completed,2025-01-15
E00284,L02819,P001,2024-06-12,Dropped Out,
E00285,L02825,P005,2025-04-13,Dropped Out,
E00286,L02831,P001,2026-01-14,Completed,2026-04-08
E00287,L02843,P003,2024-11-17,In Progress,
E00288,L02870,P005,2024-03-20,Dropped Out,
E00289,L02872,P005,2025-05-30,Completed,2025-08-08
E00290,L02889,P003,2024-10-30,Dropped Out,
E00291,L02932,P004,2025-05-19,Completed,2025-09-08
E00292,L02953,P001,2025-01-01,Completed,2025-03-26
E00293,L02981,P005,2025-09-01,In Progress,
E00294,L03008,P004,2025-11-19,Completed,2026-03-11
E00295,L03045,P004,2025-08-04,Completed,2025-11-24
E00296,L03065,P001,2024-12-30,Dropped Out,
E00297,L03086,P001,2025-04-08,In Progress,
E00298,L03102,P001,2025-02-09,Dropped Out,
E00299,L03111,P003,2025-04-16,Completed,2025-07-09
E00300,L03143,P003,2025-03-07,Completed,2025-05-30
E00301,L03146,P002,2024-05-24,Completed,2024-09-13
E00302,L03153,P002,2025-11-18,Completed,2026-03-10
E00303,L03188,P003,2025-11-29,Dropped Out,
E00304,L03192,P001,2024-03-29,Dropped Out,
E00305,L03213,P004,2024-11-28,In Progress,
E00306,L03220,P002,2025-03-12,In Progress,
E00307,L03282,P003,2024-01-17,Completed,2024-04-10
E00308,L03302,P002,2024-04-15,Completed,2024-08-05
E00309,L03310,P004,2024-03-27,Dropped Out,
E00310,L03320,P004,2024-12-29,Dropped Out,
E00311,L03337,P004,2024-09-01,Completed,2024-12-22
E00312,L03342,P001,2025-03-29,Completed,2025-06-21
E00313,L03348,P001,2026-01-01,In Progress,
E00314,L03357,P005,2025-05-10,In Progress,
E00315,L03362,P004,2024-06-19,Completed,2024-10-09
E00316,L03363,P003,2024-01-17,Completed,2024-04-10
E00317,L03372,P002,2024-07-29,Dropped Out,
E00318,L03375,P004,2025-04-28,In Progress,
E00319,L03396,P002,2024-06-25,Dropped Out,
E00320,L03423,P002,2024-02-24,Completed,2024-06-15
E00321,L03433,P001,2025-12-23,Completed,2026-03-17
E00322,L03436,P005,2025-10-27,Completed,2026-01-05
E00323,L03445,P003,2025-06-17,In Progress,
E00324,L03462,P004,2024-07-27,In Progress,
E00325,L03469,P001,2024-12-14,Completed,2025-03-08
E00326,L03490,P003,2025-07-13,Dropped Out,
E00327,L03497,P002,2025-02-26,Completed,2025-06-18
E00328,L03512,P001,2025-05-02,Completed,2025-07-25
E00329,L03513,P005,2024-05-09,Completed,2024-07-18
E00330,L03536,P004,2025-06-12,Completed,2025-10-02
E00331,L03552,P003,2025-09-30,Completed,2025-12-23
E00332,L03556,P005,2025-09-27,Completed,2025-12-06
E00333,L03582,P001,2025-01-03,Dropped Out,
E00334,L03599,P004,2025-12-04,Completed,2026-03-26
E00335,L03600,P005,2025-08-23,Completed,2025-11-01
E00336,L03603,P002,2025-04-19,Completed,2025-08-09
E00337,L03605,P005,2025-09-04,In Progress,
E00338,L03616,P002,2025-07-29,Completed,2025-11-18
E00339,L03625,P003,2025-02-21,Completed,2025-05-16
E00340,L03626,P004,2024-11-29,Completed,2025-03-21
E00341,L03631,P003,2025-08-18,In Progress,
E00342,L03640,P002,2025-05-12,Completed,2025-09-01
E00343,L03642,P002,2025-09-18,Completed,2026-01-08
E00344,L03643,P004,2024-07-07,In Progress,
E00345,L03651,P005,2025-09-15,Completed,2025-11-24
E00346,L03658,P001,2025-12-28,Completed,2026-03-22
E00347,L03665,P003,2024-11-06,Completed,2025-01-29
E00348,L03670,P004,2024-10-05,Completed,2025-01-25
E00349,L03672,P002,2025-08-04,Completed,2025-11-24
E00350,L03695,P001,2024-05-04,Completed,2024-07-27
E00351,L03703,P005,2024-06-11,Completed,2024-08-20
E00352,L03714,P004,2025-01-18,Completed,2025-05-10
E00353,L03731,P004,2025-09-22,Completed,2026-01-12
E00354,L03735,P003,2025-10-03,In Progress,
E00355,L03768,P004,2024-10-27,Completed,2025-02-16
E00356,L03778,P004,2025-03-06,Completed,2025-06-26
E00357,L03798,P005,2025-02-12,Dropped Out,
E00358,L03806,P001,2024-01-27,In Progress,
E00359,L03808,P002,2025-04-03,Completed,2025-07-24
E00360,L03816,P002,2024-06-30,Completed,2024-10-20
E00361,L03839,P003,2024-11-21,Completed,2025-02-13
E00362,L03852,P005,2025-07-03,Completed,2025-09-11
E00363,L03874,P004,2024-06-23,In Progress,
E00364,L03899,P005,2024-03-29,Completed,2024-06-07
E00365,L03925,P003,2024-04-16,Completed,2024-07-09
E00366,L03938,P001,2025-07-23,Completed,2025-10-15
E00367,L03943,P004,2025-09-28,Completed,2026-01-18
E00368,L03944,P001,2025-08-22,Dropped Out,
E00369,L03958,P002,2025-02-06,Completed,2025-05-29
E00370,L03964,P005,2025-06-27,In Progress,
E00371,L03976,P003,2025-07-13,Completed,2025-10-05
E00372,L03981,P001,2024-03-13,In Progress,
E00373,L03989,P002,2025-08-04,Dropped Out,
E00374,L03991,P001,2025-04-15,Completed,2025-07-08
E00375,L03998,P004,2024-08-06,In Progress,
E00376,L03999,P004,2025-07-08,Dropped Out,
E00377,L04016,P005,2024-11-30,Completed,2025-02-08
E00378,L04020,P002,2025-02-24,Completed,2025-06-16
E00379,L04029,P001,2024-08-24,Completed,2024-11-16
E00380,L04030,P002,2025-08-26,Dropped Out,
E00381,L04119,P001,2024-03-12,In Progress,
E00382,L04125,P001,2025-02-10,Completed,2025-05-05
E00383,L04131,P004,2025-08-24,In Progress,
E00384,L04148,P003,2025-07-21,In Progress,
E00385,L04158,P001,2025-09-16,Completed,2025-12-09
E00386,L04160,P004,2025-05-29,Completed,2025-09-18
E00387,L04178,P005,2024-07-28,In Progress,
E00388,L04179,P002,2025-11-12,Completed,2026-03-04
E00389,L04196,P002,2024-10-03,Completed,2025-01-23
E00390,L04218,P004,2024-05-28,Dropped Out,
E00391,L04228,P004,2024-11-22,Dropped Out,
E00392,L04231,P004,2024-11-23,Completed,2025-03-15
E00393,L04232,P005,2025-07-13,Completed,2025-09-21
E00394,L04246,P002,2024-03-05,Dropped Out,
E00395,L04249,P003,2025-10-27,Completed,2026-01-19
E00396,L04251,P005,2025-04-12,In Progress,
E00397,L04252,P002,2024-05-11,Completed,2024-08-31
E00398,L04254,P002,2024-04-15,Dropped Out,
E00399,L04274,P002,2025-04-20,Completed,2025-08-10
E00400,L04322,P001,2024-09-27,Completed,2024-12-20
E00401,L04387,P001,2025-01-09,Completed,2025-04-03
E00402,L04394,P004,2024-12-15,Completed,2025-04-06
E00403,L04395,P004,2025-07-13,Dropped Out,
E00404,L04399,P001,2024-02-02,Completed,2024-04-26
E00405,L04410,P002,2025-09-15,Completed,2026-01-05
E00406,L04433,P003,2024-12-20,Completed,2025-03-14
E00407,L04437,P001,2025-05-03,Completed,2025-07-26
E00408,L04471,P004,2024-12-02,Completed,2025-03-24
E00409,L04485,P003,2024-03-08,Completed,2024-05-31
E00410,L04506,P004,2025-07-11,Completed,2025-10-31
E00411,L04529,P004,2024-09-23,In Progress,
E00412,L04542,P002,2025-04-30,Completed,2025-08-20
E00413,L04552,P004,2025-06-20,In Progress,
E00414,L04561,P003,2025-03-22,Completed,2025-06-14
E00415,L04584,P001,2025-12-03,Completed,2026-02-25
E00416,L04620,P001,2024-03-13,Dropped Out,
E00417,L04622,P005,2024-08-22,Completed,2024-10-31
E00418,L04641,P005,2025-07-28,In Progress,
E00419,L04662,P004,2025-04-03,Dropped Out,
E00420,L04665,P002,2024-03-18,Completed,2024-07-08
E00421,L04674,P004,2024-06-30,Completed,2024-10-20
E00422,L04675,P005,2024-08-28,Completed,2024-11-06
E00423,L04683,P001,2025-01-26,In Progress,
E00424,L04708,P002,2024-03-09,Completed,2024-06-29
E00425,L04725,P002,2025-06-16,Completed,2025-10-06
E00426,L04731,P003,2025-05-17,Completed,2025-08-09
E00427,L04738,P002,2024-07-26,Completed,2024-11-15
E00428,L04741,P005,2025-05-31,Dropped Out,
E00429,L04756,P003,2024-08-04,Completed,2024-10-27
E00430,L04779,P003,2025-04-14,Completed,2025-07-07
E00431,L04781,P002,2024-09-02,Completed,2024-12-23
E00432,L04783,P004,2024-11-27,Dropped Out,
E00433,L04787,P004,2025-03-24,Completed,2025-07-14
E00434,L04797,P005,2024-11-10,Completed,2025-01-19
E00435,L04799,P002,2024-11-06,Completed,2025-02-26
E00436,L04808,P002,2024-05-05,Completed,2024-08-25
E00437,L04815,P005,2026-01-17,Completed,2026-03-28
E00438,L04823,P003,2024-02-15,Completed,2024-05-09
E00439,L04830,P002,2024-07-07,Completed,2024-10-27
E00440,L04838,P002,2025-12-31,In Progress,
E00441,L04843,P003,2025-03-08,Completed,2025-05-31
E00442,L04862,P001,2025-04-29,Dropped Out,
E00443,L04875,P005,2024-02-13,Completed,2024-04-23
E00444,L04910,P001,2024-09-20,Completed,2024-12-13
E00445,L04911,P001,2024-04-24,In Progress,
E00446,L04925,P005,2025-04-04,Completed,2025-06-13
E00447,L04974,P005,2024-04-12,Completed,2024-06-21
E00448,L04995,P001,2025-07-20,Completed,2025-10-12
E00449,L05007,P005,2024-01-11,Completed,2024-03-21
E00450,L05027,P003,2025-12-17,Completed,2026-03-11
E00451,L05049,P001,2025-10-09,Completed,2026-01-01
E00452,L05052,P002,2024-12-04,Dropped Out,
E00453,L05082,P002,2025-04-15,In Progress,
E00454,L05097,P003,2025-12-17,Completed,2026-03-11
E00455,L05109,P004,2025-05-16,Completed,2025-09-05
E00456,L05118,P004,2024-09-07,Completed,2024-12-28
E00457,L05140,P002,2024-10-12,Completed,2025-02-01
E00458,L05158,P003,2025-06-24,In Progress,
E00459,L05177,P002,2024-06-09,Completed,2024-09-29
E00460,L05179,P004,2025-01-24,Completed,2025-05-16
E00461,L05189,P003,2026-01-02,Dropped Out,
E00462,L05193,P004,2024-11-01,Completed,2025-02-21
E00463,L05205,P004,2025-01-07,Completed,2025-04-29
E00464,L05215,P001,2025-09-30,Dropped Out,
E00465,L05270,P004,2024-03-29,In Progress,
E00466,L05277,P003,2025-01-10,Completed,2025-04-04
E00467,L05282,P002,2025-05-30,Dropped Out,
E00468,L05296,P005,2025-09-27,Completed,2025-12-06
E00469,L05311,P002,2024-07-20,Completed,2024-11-09
E00470,L05320,P001,2024-03-23,Completed,2024-06-15
E00471,L05350,P004,2024-05-04,Dropped Out,
E00472,L05355,P002,2025-03-11,Completed,2025-07-01
E00473,L05369,P003,2024-06-10,Completed,2024-09-02
E00474,L05373,P003,2024-02-22,Completed,2024-05-16
E00475,L05375,P004,2025-04-03,In Progress,
E00476,L05382,P002,2024-05-20,Dropped Out,
E00477,L05451,P002,2025-06-13,Completed,2025-10-03
E00478,L05454,P004,2024-08-08,Completed,2024-11-28
E00479,L05493,P002,2025-06-03,Completed,2025-09-23
E00480,L05529,P005,2024-08-24,Completed,2024-11-02
E00481,L05553,P003,2025-09-26,Completed,2025-12-19
E00482,L05557,P004,2025-08-09,In Progress,
E00483,L05579,P001,2026-01-20,Completed,2026-04-14
E00484,L05590,P001,2024-03-20,In Progress,
E00485,L05593,P005,2026-01-23,Completed,2026-04-03
E00486,L05596,P002,2025-08-20,In Progress,
E00487,L05628,P002,2024-05-07,Completed,2024-08-27
E00488,L05637,P002,2024-05-03,Dropped Out,
E00489,L05643,P004,2024-12-04,Completed,2025-03-26
E00490,L05648,P004,2024-08-07,Completed,2024-11-27
E00491,L05659,P001,2024-10-08,Completed,2024-12-31
E00492,L05663,P002,2025-08-12,Completed,2025-12-02
E00493,L05665,P001,2024-12-10,Dropped Out,
E00494,L05667,P003,2024-03-13,Completed,2024-06-05
E00495,L05671,P003,2025-01-08,Completed,2025-04-02
E00496,L05692,P002,2024-12-14,Completed,2025-04-05
E00497,L05711,P004,2025-08-04,In Progress,
E00498,L05719,P002,2024-04-10,Completed,2024-07-31
E00499,L05744,P004,2025-05-23,Completed,2025-09-12
E00500,L05758,P005,2025-04-28,Completed,2025-07-07
E00501,L05773,P002,2025-06-13,In Progress,
E00502,L05788,P003,2024-11-03,Completed,2025-01-26
E00503,L05797,P001,2024-10-21,Completed,2025-01-13
E00504,L05801,P004,2025-02-27,In Progress,
E00505,L05856,P005,2025-06-27,In Progress,
E00506,L05876,P001,2024-02-26,Completed,2024-05-20
E00507,L05889,P004,2025-09-27,Completed,2026-01-17
E00508,L05899,P005,2025-12-22,Dropped Out,
E00509,L05912,P004,2024-02-10,Completed,2024-06-01
E00510,L05941,P002,2024-06-23,Completed,2024-10-13
E00511,L05949,P003,2024-07-06,Completed,2024-09-28
E00512,L05955,P003,2024-08-21,Completed,2024-11-13
E00513,L05964,P005,2025-10-07,Completed,2025-12-16
E00514,L05974,P003,2024-07-19,Completed,2024-10-11
E00515,L05977,P004,2024-05-18,In Progress,
E00516,L06004,P004,2024-09-16,Completed,2025-01-06
E00517,L06032,P003,2024-03-24,Completed,2024-06-16
E00518,L06041,P004,2025-05-17,Completed,2025-09-06
E00519,L06068,P002,2024-07-17,In Progress,
E00520,L06072,P002,2025-10-20,Completed,2026-02-09
E00521,L06097,P002,2024-01-11,Completed,2024-05-02
E00522,L06131,P003,2025-01-19,Completed,2025-04-13
E00523,L06145,P001,2024-06-16,Completed,2024-09-08
E00524,L06149,P004,2024-10-13,Completed,2025-02-02
E00525,L06165,P005,2025-07-15,Completed,2025-09-23
E00526,L06196,P001,2024-06-20,Completed,2024-09-12
E00527,L06202,P004,2025-08-15,Completed,2025-12-05
E00528,L06230,P004,2024-11-29,Completed,2025-03-21
E00529,L06236,P001,2026-02-03,Completed,2026-04-28
E00530,L06237,P003,2025-08-16,Completed,2025-11-08
E00531,L06254,P004,2025-03-18,Completed,2025-07-08
E00532,L06259,P004,2025-02-27,Completed,2025-06-19
E00533,L06265,P003,2024-08-04,Completed,2024-10-27
E00534,L06269,P002,2024-01-25,Completed,2024-05-16
E00535,L06319,P002,2025-03-23,Completed,2025-07-13
E00536,L06352,P005,2024-04-15,In Progress,
E00537,L06391,P002,2025-09-06,Dropped Out,
E00538,L06392,P004,2025-01-01,In Progress,
E00539,L06403,P004,2025-12-11,In Progress,
E00540,L06412,P002,2025-04-02,In Progress,
E00541,L06420,P001,2024-05-18,Completed,2024-08-10
E00542,L06422,P004,2024-05-25,In Progress,
E00543,L06431,P005,2024-04-29,Dropped Out,
E00544,L06436,P005,2024-11-26,Completed,2025-02-04
E00545,L06443,P004,2025-04-26,In Progress,
E00546,L06464,P003,2025-05-21,Dropped Out,
E00547,L06469,P004,2025-01-26,In Progress,
E00548,L06482,P003,2025-12-14,Completed,2026-03-08
E00549,L06496,P004,2024-06-16,Completed,2024-10-06
E00550,L06509,P001,2025-03-18,In Progress,
E00551,L06516,P003,2025-08-28,Completed,2025-11-20
E00552,L06521,P004,2024-12-14,In Progress,
E00553,L06553,P004,2024-06-03,Dropped Out,
E00554,L06563,P005,2024-07-21,Completed,2024-09-29
E00555,L06567,P003,2024-10-25,In Progress,
E00556,L06573,P001,2024-02-11,Completed,2024-05-05
E00557,L06584,P004,2025-10-03,Completed,2026-01-23
E00558,L06585,P005,2025-09-10,Dropped Out,
E00559,L06596,P002,2024-06-24,Completed,2024-10-14
E00560,L06606,P003,2025-09-23,Completed,2025-12-16
E00561,L06608,P003,2025-09-04,In Progress,
E00562,L06614,P004,2025-09-12,In Progress,
E00563,L06637,P005,2025-06-20,Completed,2025-08-29
E00564,L06662,P003,2025-04-12,Completed,2025-07-05
E00565,L06666,P004,2025-10-30,In Progress,
E00566,L06680,P004,2025-01-16,Completed,2025-05-08
E00567,L06681,P005,2025-10-24,Completed,2026-01-02
E00568,L06705,P004,2024-08-18,Completed,2024-12-08
E00569,L06723,P005,2025-09-22,In Progress,
E00570,L06730,P004,2024-12-26,Dropped Out,
E00571,L06747,P003,2024-07-03,Completed,2024-09-25
E00572,L06750,P003,2024-07-01,Completed,2024-09-23
E00573,L06751,P001,2025-01-03,Completed,2025-03-28
E00574,L06754,P002,2024-12-28,Completed,2025-04-19
E00575,L06772,P004,2025-08-12,Completed,2025-12-02
E00576,L06773,P003,2024-06-21,Completed,2024-09-13
E00577,L06774,P005,2026-01-30,Completed,2026-04-10
E00578,L06776,P001,2025-08-17,Dropped Out,
E00579,L06783,P003,2024-05-02,Completed,2024-07-25
E00580,L06801,P001,2024-12-26,In Progress,
E00581,L06816,P005,2024-02-21,Completed,2024-05-01
E00582,L06828,P003,2024-03-27,Completed,2024-06-19
E00583,L06831,P005,2024-08-06,Completed,2024-10-15
E00584,L06832,P002,2025-03-02,Completed,2025-06-22
E00585,L06858,P001,2024-10-05,Dropped Out,
E00586,L06867,P003,2024-05-06,Dropped Out,
E00587,L06872,P004,2024-02-14,Completed,2024-06-05
E00588,L06876,P004,2024-12-22,Completed,2025-04-13
E00589,L06909,P002,2025-03-23,In Progress,
E00590,L06911,P002,2024-09-17,Completed,2025-01-07
E00591,L06919,P003,2025-02-13,Completed,2025-05-08
E00592,L06923,P004,2024-10-30,Completed,2025-02-19
E00593,L06933,P002,2025-04-24,Completed,2025-08-14
E00594,L06939,P002,2024-05-10,Dropped Out,
E00595,L06949,P001,2025-05-12,Completed,2025-08-04
E00596,L06962,P004,2024-05-11,Completed,2024-08-31
E00597,L06980,P003,2024-10-08,Completed,2024-12-31
E00598,L06987,P003,2025-06-24,Dropped Out,
E00599,L07015,P002,2024-09-28,Completed,2025-01-18
E00600,L07018,P005,2025-08-01,Completed,2025-10-10
E00601,L07022,P005,2024-12-06,In Progress,
E00602,L07028,P005,2025-01-17,Completed,2025-03-28
E00603,L07058,P005,2025-03-13,Completed,2025-05-22
E00604,L07063,P002,2025-01-17,In Progress,
E00605,L07065,P005,2025-07-08,Dropped Out,
E00606,L07068,P004,2024-11-21,Completed,2025-03-13
E00607,L07074,P005,2025-10-15,In Progress,
E00608,L07082,P003,2024-07-26,Completed,2024-10-18
E00609,L07090,P002,2025-09-18,Completed,2026-01-08
E00610,L07123,P002,2025-11-24,In Progress,
E00611,L07137,P003,2025-04-16,Completed,2025-07-09
E00612,L07139,P001,2024-07-01,Dropped Out,
E00613,L07148,P005,2025-01-28,Completed,2025-04-08
E00614,L07153,P004,2024-03-24,Completed,2024-07-14
E00615,L07185,P003,2025-11-06,Completed,2026-01-29
E00616,L07194,P001,2025-02-06,Completed,2025-05-01
E00617,L07198,P002,2025-05-19,Completed,2025-09-08
E00618,L07199,P004,2024-01-30,Completed,2024-05-21
E00619,L07207,P002,2025-08-09,Completed,2025-11-29
E00620,L07208,P004,2026-01-06,Dropped Out,
E00621,L07242,P003,2025-05-10,Completed,2025-08-02
E00622,L07265,P001,2024-02-21,In Progress,
E00623,L07271,P002,2024-02-27,Dropped Out,
E00624,L07272,P003,2025-08-28,Completed,2025-11-20
E00625,L07294,P001,2025-01-23,Dropped Out,
E00626,L07300,P005,2024-10-28,In Progress,
E00627,L07351,P004,2024-09-28,Completed,2025-01-18
E00628,L07366,P003,2025-02-17,Dropped Out,
E00629,L07377,P002,2024-07-08,In Progress,
E00630,L07389,P004,2025-08-27,Completed,2025-12-17
E00631,L07399,P004,2024-07-26,Completed,2024-11-15
E00632,L07417,P003,2025-10-21,Completed,2026-01-13
E00633,L07422,P004,2025-02-20,Completed,2025-06-12
E00634,L07439,P001,2025-05-14,In Progress,
E00635,L07449,P005,2025-02-02,Completed,2025-04-13
E00636,L07457,P002,2024-12-05,Completed,2025-03-27
E00637,L07458,P001,2024-04-20,Completed,2024-07-13
E00638,L07472,P004,2024-12-24,In Progress,
E00639,L07480,P003,2024-06-13,Completed,2024-09-05
E00640,L07492,P003,2025-04-24,Completed,2025-07-17
E00641,L07514,P001,2026-01-08,Completed,2026-04-02
E00642,L07561,P001,2024-07-20,Completed,2024-10-12
E00643,L07563,P003,2024-08-15,Completed,2024-11-07
E00644,L07564,P002,2025-10-04,Dropped Out,
E00645,L07565,P003,2024-12-06,Completed,2025-02-28
E00646,L07568,P004,2025-11-24,Completed,2026-03-16
E00647,L07604,P002,2024-11-27,Completed,2025-03-19
E00648,L07611,P004,2024-07-13,Completed,2024-11-02
E00649,L07616,P001,2024-08-12,Completed,2024-11-04
E00650,L07618,P002,2025-07-20,Completed,2025-11-09
E00651,L07631,P005,2025-06-09,Completed,2025-08-18
E00652,L07645,P004,2024-05-17,Completed,2024-09-06
E00653,L07661,P004,2025-06-18,Dropped Out,
E00654,L07663,P005,2025-09-02,Dropped Out,
E00655,L07679,P005,2025-02-08,Dropped Out,
E00656,L07680,P001,2024-09-18,Completed,2024-12-11
E00657,L07685,P003,2024-09-23,Completed,2024-12-16
E00658,L07701,P002,2025-03-22,Completed,2025-07-12
E00659,L07716,P001,2025-01-14,Completed,2025-04-08
E00660,L07748,P004,2024-03-28,Dropped Out,
E00661,L07755,P004,2024-09-06,Completed,2024-12-27
E00662,L07759,P003,2025-08-09,In Progress,
E00663,L07763,P005,2024-10-23,Completed,2025-01-01
E00664,L07768,P001,2025-08-27,Dropped Out,
E00665,L07791,P004,2025-08-21,Completed,2025-12-11
E00666,L07795,P004,2025-05-18,In Progress,
E00667,L07814,P003,2024-10-20,Completed,2025-01-12
E00668,L07818,P005,2025-08-31,Completed,2025-11-09
E00669,L07830,P001,2024-02-15,In Progress,
E00670,L07835,P001,2025-08-03,Completed,2025-10-26
E00671,L07844,P004,2025-11-01,Completed,2026-02-21
E00672,L07861,P004,2025-10-25,Completed,2026-02-14
E00673,L07867,P004,2025-01-18,Completed,2025-05-10
E00674,L07877,P005,2025-04-01,Completed,2025-06-10
E00675,L07879,P005,2025-11-16,In Progress,
E00676,L07886,P002,2025-08-20,Dropped Out,
E00677,L07905,P005,2025-06-17,Completed,2025-08-26
E00678,L07910,P001,2025-09-25,Completed,2025-12-18
E00679,L07915,P005,2025-02-03,In Progress,
E00680,L07916,P004,2024-10-11,Completed,2025-01-31
E00681,L07917,P002,2024-02-24,Completed,2024-06-15
E00682,L07923,P001,2024-04-14,Completed,2024-07-07
E00683,L07927,P001,2025-11-02,Completed,2026-01-25
E00684,L07942,P001,2025-01-07,In Progress,
E00685,L07945,P005,2025-04-21,Completed,2025-06-30
E00686,L07958,P004,2025-07-13,Completed,2025-11-02
E00687,L07961,P001,2024-11-11,Dropped Out,
E00688,L07974,P002,2024-08-22,Completed,2024-12-12
E00689,L07977,P003,2025-10-27,Completed,2026-01-19
E00690,L07983,P004,2025-10-28,Completed,2026-02-17
E00691,L08006,P002,2024-05-23,Completed,2024-09-12
E00692,L08017,P002,2024-04-18,In Progress,
E00693,L08018,P002,2025-04-02,Completed,2025-07-23
E00694,L08030,P003,2026-01-27,Completed,2026-04-21
E00695,L08035,P001,2025-11-28,Completed,2026-02-20
E00696,L08037,P005,2024-04-19,In Progress,
E00697,L08089,P001,2024-02-13,Completed,2024-05-07
E00698,L08105,P004,2025-03-09,Completed,2025-06-29
E00699,L08117,P004,2025-11-20,Completed,2026-03-12
E00700,L08119,P001,2024-05-22,Dropped Out,
E00701,L08154,P002,2024-05-11,Dropped Out,
E00702,L08160,P004,2025-01-09,Completed,2025-05-01
E00703,L08209,P001,2025-10-18,Dropped Out,
E00704,L08211,P004,2025-12-23,Completed,2026-04-14
E00705,L08225,P001,2024-03-15,Completed,2024-06-07
E00706,L08235,P003,2024-09-08,Completed,2024-12-01
E00707,L08249,P002,2024-12-10,Dropped Out,
E00708,L08253,P002,2024-02-28,Completed,2024-06-19
E00709,L08287,P001,2026-01-06,Completed,2026-03-31
E00710,L08294,P003,2025-06-14,Completed,2025-09-06
E00711,L08298,P002,2025-08-16,Completed,2025-12-06
E00712,L08304,P001,2024-09-05,Completed,2024-11-28
E00713,L08305,P003,2024-06-26,In Progress,
E00714,L08318,P003,2025-08-04,Completed,2025-10-27
E00715,L08322,P005,2024-06-20,Completed,2024-08-29
E00716,L08338,P001,2025-07-18,Dropped Out,
E00717,L08347,P001,2025-07-18,Completed,2025-10-10
E00718,L08365,P002,2025-12-25,Completed,2026-04-16
E00719,L08387,P002,2024-08-10,Completed,2024-11-30
E00720,L08388,P004,2025-12-20,Completed,2026-04-11
E00721,L08393,P003,2024-10-18,In Progress,
E00722,L08411,P002,2024-11-24,Dropped Out,
E00723,L08419,P005,2024-05-12,Completed,2024-07-21
E00724,L08427,P005,2025-04-30,In Progress,
E00725,L08438,P002,2024-07-12,In Progress,
E00726,L08446,P004,2024-06-05,Completed,2024-09-25
E00727,L08453,P001,2025-05-04,Completed,2025-07-27
E00728,L08454,P001,2025-03-06,In Progress,
E00729,L08478,P001,2025-02-08,Completed,2025-05-03
E00730,L08542,P005,2024-12-19,Completed,2025-02-27
E00731,L08548,P002,2025-01-22,Completed,2025-05-14
E00732,L08561,P003,2025-04-22,Dropped Out,
E00733,L08563,P005,2025-05-03,Completed,2025-07-12
E00734,L08575,P005,2024-10-09,In Progress,
E00735,L08576,P004,2025-08-30,Completed,2025-12-20
E00736,L08599,P004,2025-01-09,In Progress,
E00737,L08636,P003,2024-05-17,Completed,2024-08-09
E00738,L08642,P003,2024-11-24,Completed,2025-02-16
E00739,L08647,P003,2024-11-06,Completed,2025-01-29
E00740,L08648,P005,2025-09-02,Completed,2025-11-11
E00741,L08654,P003,2025-04-14,Dropped Out,
E00742,L08664,P005,2025-11-14,In Progress,
E00743,L08671,P003,2024-03-20,Completed,2024-06-12
E00744,L08678,P002,2024-10-10,In Progress,
E00745,L08687,P004,2025-03-07,Completed,2025-06-27
E00746,L08691,P004,2024-06-11,In Progress,
E00747,L08693,P001,2024-03-28,Dropped Out,
E00748,L08697,P002,2025-03-04,Completed,2025-06-24
E00749,L08707,P004,2025-03-23,Completed,2025-07-13
E00750,L08708,P004,2025-09-30,Dropped Out,
E00751,L08726,P004,2025-05-30,Completed,2025-09-19
E00752,L08732,P003,2025-03-15,Completed,2025-06-07
E00753,L08734,P001,2025-10-30,Completed,2026-01-22
E00754,L08751,P003,2025-10-30,Completed,2026-01-22
E00755,L08753,P002,2024-06-13,Completed,2024-10-03
E00756,L08765,P002,2025-01-07,Completed,2025-04-29
E00757,L08781,P003,2024-05-05,Dropped Out,
E00758,L08824,P003,2025-10-03,Completed,2025-12-26
E00759,L08832,P002,2025-10-06,Completed,2026-01-26
E00760,L08860,P002,2025-11-19,In Progress,
E00761,L08866,P001,2024-07-23,Completed,2024-10-15
E00762,L08867,P001,2025-06-04,In Progress,
E00763,L08893,P005,2024-02-26,Completed,2024-05-06
E00764,L08895,P003,2024-07-08,In Progress,
E00765,L08900,P003,2024-08-10,Completed,2024-11-02
E00766,L08903,P001,2024-07-08,Completed,2024-09-30
E00767,L08915,P004,2024-08-24,Completed,2024-12-14
E00768,L08920,P002,2024-07-30,Completed,2024-11-19
E00769,L08936,P002,2024-03-12,In Progress,
E00770,L08947,P004,2024-04-13,Completed,2024-08-03
E00771,L08969,P005,2024-05-23,Dropped Out,
E00772,L08976,P004,2025-07-25,Completed,2025-11-14
E00773,L08978,P003,2024-02-16,Completed,2024-05-10
E00774,L08981,P002,2025-03-03,Completed,2025-06-23
E00775,L08988,P004,2024-04-02,Completed,2024-07-23
E00776,L08997,P002,2024-12-12,Completed,2025-04-03
E00777,L09003,P003,2025-12-23,Completed,2026-03-17
E00778,L09009,P003,2025-04-14,Dropped Out,
E00779,L09035,P005,2025-06-14,In Progress,
E00780,L09057,P001,2025-06-07,In Progress,
E00781,L09065,P003,2025-09-21,Completed,2025-12-14
E00782,L09069,P005,2025-08-23,Completed,2025-11-01
E00783,L09087,P005,2024-01-18,In Progress,
E00784,L09098,P005,2025-10-08,Completed,2025-12-17
E00785,L09123,P001,2024-09-03,Completed,2024-11-26
E00786,L09134,P004,2025-11-01,Completed,2026-02-21
E00787,L09137,P002,2024-07-03,Completed,2024-10-23
E00788,L09152,P004,2024-08-10,Dropped Out,
E00789,L09167,P002,2025-08-27,Completed,2025-12-17
E00790,L09175,P004,2024-03-07,Completed,2024-06-27
E00791,L09183,P005,2024-06-22,In Progress,
E00792,L09187,P005,2025-03-16,Dropped Out,
E00793,L09193,P005,2024-10-29,Completed,2025-01-07
E00794,L09197,P002,2024-12-15,Dropped Out,
E00795,L09198,P002,2025-04-18,Completed,2025-08-08
E00796,L09207,P005,2024-12-29,Completed,2025-03-09
E00797,L09220,P004,2024-07-31,Completed,2024-11-20
E00798,L09223,P004,2025-07-23,Completed,2025-11-12
E00799,L09229,P002,2025-02-10,In Progress,
E00800,L09239,P004,2025-02-12,Completed,2025-06-04
E00801,L09240,P002,2025-07-31,Dropped Out,
E00802,L09241,P001,2024-04-23,In Progress,
E00803,L09247,P002,2025-01-16,Completed,2025-05-08
E00804,L09252,P001,2024-06-30,In Progress,
E00805,L09263,P005,2024-01-24,In Progress,
E00806,L09264,P005,2025-05-18,Dropped Out,
E00807,L09272,P001,2025-01-07,Completed,2025-04-01
E00808,L09295,P002,2025-12-16,Completed,2026-04-07
E00809,L09298,P004,2025-07-28,Completed,2025-11-17
E00810,L09312,P003,2025-07-04,Completed,2025-09-26
E00811,L09322,P004,2024-07-31,In Progress,
E00812,L09325,P002,2024-09-01,Completed,2024-12-22
E00813,L09330,P003,2024-03-13,Completed,2024-06-05
E00814,L09334,P002,2024-06-26,In Progress,
E00815,L09341,P005,2024-02-09,Completed,2024-04-19
E00816,L09348,P002,2025-03-21,Dropped Out,
E00817,L09376,P005,2025-08-02,Completed,2025-10-11
E00818,L09378,P001,2025-10-22,Completed,2026-01-14
E00819,L09385,P001,2024-05-11,Dropped Out,
E00820,L09408,P001,2025-04-08,Completed,2025-07-01
E00821,L09418,P005,2026-01-12,Dropped Out,
E00822,L09425,P005,2025-06-18,Dropped Out,
E00823,L09441,P005,2024-05-08,Completed,2024-07-17
E00824,L09445,P005,2025-03-21,Completed,2025-05-30
E00825,L09466,P002,2025-07-09,In Progress,
E00826,L09474,P004,2026-01-08,In Progress,
E00827,L09476,P001,2024-06-10,Completed,2024-09-02
E00828,L09481,P002,2025-12-04,In Progress,
E00829,L09511,P003,2025-12-22,Completed,2026-03-16
E00830,L09518,P005,2024-11-19,Completed,2025-01-28
E00831,L09529,P001,2026-01-12,Completed,2026-04-06
E00832,L09535,P003,2024-09-09,In Progress,
E00833,L09537,P002,2025-05-19,In Progress,
E00834,L09538,P003,2025-06-22,Dropped Out,
E00835,L09552,P004,2024-03-12,Completed,2024-07-02
E00836,L09596,P003,2025-03-31,In Progress,
E00837,L09619,P002,2025-05-29,Completed,2025-09-18
E00838,L09633,P004,2025-08-24,Completed,2025-12-14
E00839,L09644,P005,2024-04-06,Completed,2024-06-15
E00840,L09647,P002,2024-10-26,Dropped Out,
E00841,L09649,P004,2024-08-08,In Progress,
E00842,L09657,P004,2024-11-02,In Progress,
E00843,L09661,P005,2024-12-16,In Progress,
E00844,L09708,P003,2024-11-21,Dropped Out,
E00845,L09712,P004,2025-11-11,Completed,2026-03-03
E00846,L09719,P004,2025-01-07,In Progress,
E00847,L09791,P002,2025-02-03,Dropped Out,
E00848,L09807,P002,2024-01-29,Completed,2024-05-20
E00849,L09811,P003,2024-03-28,In Progress,
E00850,L09815,P004,2024-02-21,In Progress,
E00851,L09834,P005,2024-05-08,Completed,2024-07-17
E00852,L09838,P003,2024-10-14,Completed,2025-01-06
E00853,L09840,P005,2025-11-03,In Progress,
E00854,L09841,P001,2024-06-20,Completed,2024-09-12
E00855,L09845,P003,2024-11-26,In Progress,
E00856,L09858,P001,2025-03-28,Dropped Out,
E00857,L09864,P004,2024-10-29,Dropped Out,
E00858,L09869,P003,2025-09-11,In Progress,
E00859,L09874,P004,2024-09-15,Completed,2025-01-05
E00860,L09876,P003,2025-01-07,Dropped Out,
E00861,L09882,P002,2025-04-26,Completed,2025-08-16
E00862,L09883,P001,2024-06-27,In Progress,
E00863,L09898,P003,2024-04-26,Dropped Out,
E00864,L09935,P001,2025-08-11,Dropped Out,
E00865,L09946,P004,2025-03-15,Completed,2025-07-05
E00866,L09947,P005,2025-12-21,Completed,2026-03-01
E00867,L09954,P005,2024-10-21,Completed,2024-12-30
E00868,L09980,P004,2024-02-19,Dropped Out,
E00869,L09982,P005,2024-04-28,Completed,2024-07-07
E00870,L09983,P003,2024-11-25,In Progress,
E00871,L09989,P002,2024-10-10,In Progress,
E00872,L10000,P001,2024-03-24,Completed,2024-06-16
E00873,L10008,P003,2024-05-10,In Progress,
E00874,L10024,P004,2024-07-07,Completed,2024-10-27
E00875,L10071,P003,2024-02-29,Dropped Out,
E00876,L10077,P003,2025-01-13,Completed,2025-04-07
E00877,L10078,P003,2025-01-20,In Progress,
E00878,L10098,P003,2025-11-18,In Progress,
E00879,L10105,P002,2025-03-18,Completed,2025-07-08
E00880,L10106,P005,2025-09-06,Completed,2025-11-15
E00881,L10113,P005,2025-08-02,Completed,2025-10-11
E00882,L10131,P004,2024-03-31,Completed,2024-07-21
E00883,L10136,P005,2025-09-30,Completed,2025-12-09
E00884,L10172,P001,2024-05-03,Completed,2024-07-26
E00885,L10178,P003,2025-01-07,Dropped Out,
E00886,L10206,P002,2025-01-11,Completed,2025-05-03
E00887,L10209,P003,2025-10-14,Completed,2026-01-06
E00888,L10217,P001,2024-10-09,Completed,2025-01-01
E00889,L10220,P004,2025-09-24,Completed,2026-01-14
E00890,L10232,P001,2025-02-17,Dropped Out,
E00891,L10238,P001,2025-04-26,Completed,2025-07-19
E00892,L10259,P005,2024-10-17,Completed,2024-12-26
E00893,L10279,P005,2025-08-17,Completed,2025-10-26
E00894,L10312,P003,2024-08-04,Completed,2024-10-27
E00895,L10314,P005,2024-02-17,Completed,2024-04-27
E00896,L10317,P004,2024-11-05,Dropped Out,
E00897,L10319,P001,2024-10-28,Dropped Out,
E00898,L10325,P005,2024-06-14,Completed,2024-08-23
E00899,L10331,P005,2024-12-09,Completed,2025-02-17
E00900,L10348,P005,2025-10-20,Completed,2025-12-29
E00901,L10353,P003,2025-09-16,Completed,2025-12-09
E00902,L10373,P001,2024-11-10,Dropped Out,
E00903,L10389,P005,2025-07-01,Dropped Out,
E00904,L10405,P004,2024-01-26,Dropped Out,
E00905,L10410,P003,2024-05-13,Dropped Out,
E00906,L10412,P001,2025-07-18,Completed,2025-10-10
E00907,L10419,P002,2025-11-10,In Progress,
E00908,L10423,P002,2024-02-06,Completed,2024-05-28
E00909,L10436,P003,2025-06-20,Completed,2025-09-12
E00910,L10444,P003,2025-06-16,In Progress,
E00911,L10465,P003,2024-03-17,Completed,2024-06-09
E00912,L10468,P004,2025-02-13,Completed,2025-06-05
E00913,L10480,P001,2024-07-30,Completed,2024-10-22
E00914,L10491,P002,2024-03-21,Completed,2024-07-11
E00915,L10497,P003,2024-10-21,Completed,2025-01-13
E00916,L10510,P004,2025-04-08,In Progress,
E00917,L10511,P004,2025-08-24,Completed,2025-12-14
E00918,L10517,P003,2025-03-03,In Progress,
E00919,L10536,P005,2024-12-21,In Progress,
E00920,L10567,P003,2024-03-19,Completed,2024-06-11
E00921,L10579,P005,2025-10-18,Dropped Out,
E00922,L10592,P002,2025-01-04,Completed,2025-04-26
E00923,L10596,P001,2025-12-10,Completed,2026-03-04
E00924,L10622,P003,2024-11-05,Completed,2025-01-28
E00925,L10635,P005,2024-04-27,Completed,2024-07-06
E00926,L10654,P004,2024-10-05,Completed,2025-01-25
E00927,L10669,P002,2025-08-28,Completed,2025-12-18
E00928,L10682,P004,2024-03-22,In Progress,
E00929,L10683,P003,2024-03-29,Dropped Out,
E00930,L10688,P004,2024-07-21,Completed,2024-11-10
E00931,L10708,P004,2024-07-31,In Progress,
E00932,L10733,P002,2024-08-03,Dropped Out,
E00933,L10746,P002,2025-04-18,Completed,2025-08-08
E00934,L10767,P002,2025-04-12,Completed,2025-08-02
E00935,L10799,P001,2024-09-29,Dropped Out,
E00936,L10801,P004,2025-01-30,Dropped Out,
E00937,L10816,P002,2024-07-02,Completed,2024-10-22
E00938,L10830,P004,2025-01-28,Completed,2025-05-20
E00939,L10833,P005,2024-05-26,Completed,2024-08-04
E00940,L10848,P001,2025-08-19,In Progress,
E00941,L10854,P003,2024-01-31,Completed,2024-04-24
E00942,L10863,P004,2024-09-14,Completed,2025-01-04
E00943,L10867,P005,2025-10-28,Completed,2026-01-06
E00944,L10870,P002,2024-11-10,In Progress,
E00945,L10898,P003,2025-02-04,Dropped Out,
E00946,L10909,P005,2024-02-26,Dropped Out,
E00947,L10942,P004,2025-01-22,Completed,2025-05-14
E00948,L10944,P004,2025-07-14,In Progress,
E00949,L10980,P003,2025-03-14,Completed,2025-06-06
E00950,L11016,P001,2024-07-17,Completed,2024-10-09
E00951,L11018,P002,2025-05-23,Completed,2025-09-12
E00952,L11023,P003,2025-10-31,In Progress,
E00953,L11027,P005,2025-07-05,In Progress,
E00954,L11049,P005,2025-11-16,Completed,2026-01-25
E00955,L11065,P001,2024-08-25,Completed,2024-11-17
E00956,L11072,P005,2024-11-28,Completed,2025-02-06
E00957,L11079,P005,2024-10-11,Dropped Out,
E00958,L11086,P004,2025-11-28,Dropped Out,
E00959,L11105,P002,2024-10-20,In Progress,
E00960,L11115,P002,2024-05-31,In Progress,
E00961,L11120,P001,2025-10-19,In Progress,
E00962,L11129,P001,2025-01-21,In Progress,
E00963,L11131,P005,2024-07-15,Completed,2024-09-23
E00964,L11132,P001,2024-03-06,Completed,2024-05-29
E00965,L11153,P001,2025-06-13,Completed,2025-09-05
E00966,L11161,P001,2025-09-09,Completed,2025-12-02
E00967,L11167,P005,2024-02-06,In Progress,
E00968,L11169,P003,2025-09-22,In Progress,
E00969,L11181,P004,2024-07-16,Completed,2024-11-05
E00970,L11208,P004,2025-08-05,Completed,2025-11-25
E00971,L11211,P004,2024-11-26,In Progress,
E00972,L11238,P002,2025-03-11,Completed,2025-07-01
E00973,L11243,P002,2024-01-29,Completed,2024-05-20
E00974,L11254,P002,2025-10-22,Completed,2026-02-11
E00975,L11266,P002,2025-02-10,Completed,2025-06-02
E00976,L11295,P004,2024-07-11,Completed,2024-10-31
E00977,L11303,P005,2025-12-18,Completed,2026-02-26
E00978,L11304,P003,2025-12-25,Completed,2026-03-19
E00979,L11306,P004,2024-02-15,In Progress,
E00980,L11317,P004,2025-09-28,Completed,2026-01-18
E00981,L11334,P005,2024-01-22,Completed,2024-04-01
E00982,L11341,P003,2025-12-17,In Progress,
E00983,L11355,P005,2024-11-15,In Progress,
E00984,L11361,P005,2026-01-04,Completed,2026-03-15
E00985,L11375,P002,2025-04-04,Completed,2025-07-25
E00986,L11383,P004,2024-03-23,Dropped Out,
E00987,L11434,P004,2025-06-09,In Progress,
E00988,L11435,P002,2025-05-05,Dropped Out,
E00989,L11441,P002,2024-06-24,Completed,2024-10-14
E00990,L11445,P005,2025-07-07,Dropped Out,
E00991,L11450,P003,2024-07-05,Completed,2024-09-27
E00992,L11452,P005,2025-08-24,Completed,2025-11-02
E00993,L11471,P004,2024-05-10,Completed,2024-08-30
E00994,L11478,P004,2025-01-17,Dropped Out,
E00995,L11481,P003,2025-11-11,Completed,2026-02-03
E00996,L11507,P005,2024-07-19,Completed,2024-09-27
E00997,L11541,P005,2025-07-03,Completed,2025-09-11
E00998,L11543,P003,2024-04-06,Completed,2024-06-29
E00999,L11608,P002,2024-12-15,Dropped Out,
E01000,L11626,P002,2025-03-25,Completed,2025-07-15
E01001,L11633,P005,2025-01-29,Completed,2025-04-09
E01002,L11635,P002,2026-01-01,Completed,2026-04-23
E01003,L11639,P005,2025-09-29,Completed,2025-12-08
E01004,L11646,P005,2024-06-06,Completed,2024-08-15
E01005,L11651,P002,2024-04-24,In Progress,
E01006,L11680,P002,2026-02-08,Completed,2026-05-31
E01007,L11685,P003,2024-08-04,Completed,2024-10-27
E01008,L11697,P003,2024-03-18,Completed,2024-06-10
E01009,L11734,P003,2024-09-13,Completed,2024-12-06
E01010,L11790,P004,2025-05-09,Completed,2025-08-29
E01011,L11791,P005,2025-01-19,In Progress,
E01012,L11799,P005,2024-06-28,Completed,2024-09-06
E01013,L11825,P004,2024-06-21,Dropped Out,
E01014,L11828,P003,2024-10-04,Completed,2024-12-27
E01015,L11853,P002,2025-08-21,Completed,2025-12-11
E01016,L11871,P002,2024-01-23,Dropped Out,
E01017,L11892,P001,2025-05-24,Completed,2025-08-16
E01018,L11919,P005,2025-02-06,Dropped Out,
E01019,L11934,P001,2024-05-29,Dropped Out,
E01020,L11980,P003,2024-02-10,Completed,2024-05-04
E01021,L12005,P003,2024-05-11,Completed,2024-08-03
E01022,L12010,P001,2025-03-14,Completed,2025-06-06
E01023,L12012,P004,2025-10-24,Completed,2026-02-13
E01024,L12021,P002,2024-02-21,In Progress,
E01025,L12031,P001,2025-11-06,Completed,2026-01-29
E01026,L12042,P002,2024-06-12,Completed,2024-10-02
E01027,L12052,P001,2024-10-09,In Progress,
E01028,L12062,P004,2025-07-30,Dropped Out,
E01029,L12077,P004,2024-06-20,Dropped Out,
E01030,L12128,P005,2024-03-15,Dropped Out,
E01031,L12136,P005,2025-07-16,Completed,2025-09-24
E01032,L12148,P005,2025-09-19,In Progress,
E01033,L12154,P005,2025-10-05,Completed,2025-12-14
E01034,L12165,P005,2025-08-19,Dropped Out,
E01035,L12251,P004,2025-10-03,Completed,2026-01-23
E01036,L12270,P004,2024-06-25,In Progress,
E01037,L12273,P005,2025-07-23,In Progress,
E01038,L12295,P003,2025-01-19,Completed,2025-04-13
E01039,L12322,P004,2024-12-08,Dropped Out,
E01040,L12327,P001,2024-05-11,Dropped Out,
E01041,L12331,P003,2024-06-05,Completed,2024-08-28
E01042,L12364,P002,2024-01-24,Completed,2024-05-15
E01043,L12387,P003,2024-12-08,Completed,2025-03-02
E01044,L12405,P002,2025-04-07,Completed,2025-07-28
E01045,L12427,P004,2025-11-02,Completed,2026-02-22
E01046,L12433,P004,2024-11-01,Completed,2025-02-21
E01047,L12438,P002,2025-12-13,Completed,2026-04-04
E01048,L12452,P004,2025-04-28,In Progress,
E01049,L12453,P005,2024-07-11,Completed,2024-09-19
E01050,L12498,P005,2024-04-11,Completed,2024-06-20
E01051,L12501,P003,2025-03-04,Dropped Out,
E01052,L12535,P001,2024-02-20,Dropped Out,
E01053,L12543,P004,2024-06-16,In Progress,
E01054,L12568,P001,2024-03-08,Dropped Out,
E01055,L12573,P003,2024-05-04,In Progress,
E01056,L12575,P005,2024-07-01,Completed,2024-09-09
E01057,L12579,P003,2024-11-29,Dropped Out,
E01058,L12582,P005,2025-05-21,Completed,2025-07-30
E01059,L12587,P002,2025-07-07,Completed,2025-10-27
E01060,L12589,P002,2025-10-24,Dropped Out,
E01061,L12593,P004,2024-10-08,Completed,2025-01-28
E01062,L12595,P004,2025-04-25,Completed,2025-08-15
E01063,L12604,P003,2025-04-14,In Progress,
E01064,L12609,P002,2025-03-19,In Progress,
E01065,L12611,P002,2024-03-12,In Progress,
E01066,L12645,P001,2025-01-23,Dropped Out,
E01067,L12654,P003,2024-12-22,Dropped Out,
E01068,L12672,P003,2024-06-12,Dropped Out,
E01069,L12679,P003,2025-06-12,Completed,2025-09-04
E01070,L12685,P005,2025-09-06,Completed,2025-11-15
E01071,L12702,P005,2024-10-19,In Progress,
E01072,L12704,P003,2025-01-13,Completed,2025-04-07
E01073,L12709,P004,2024-10-25,Completed,2025-02-14
E01074,L12731,P001,2024-03-04,In Progress,
E01075,L12738,P004,2025-07-28,Completed,2025-11-17
E01076,L12741,P002,2025-10-12,Completed,2026-02-01
E01077,L12762,P002,2024-10-27,In Progress,
E01078,L12806,P001,2024-02-29,Completed,2024-05-23
E01079,L12823,P003,2025-02-21,Completed,2025-05-16
E01080,L12847,P003,2025-04-09,Completed,2025-07-02
E01081,L12850,P002,2024-12-24,In Progress,
E01082,L12868,P003,2024-07-16,Dropped Out,
E01083,L12871,P001,2025-09-11,Dropped Out,
E01084,L12876,P003,2024-10-21,Completed,2025-01-13
E01085,L12883,P005,2025-03-05,Completed,2025-05-14
E01086,L12884,P004,2025-02-22,Completed,2025-06-14
E01087,L12888,P001,2025-10-22,Dropped Out,
E01088,L12897,P002,2025-09-28,Completed,2026-01-18
E01089,L12921,P004,2024-11-22,Completed,2025-03-14
E01090,L12923,P004,2025-06-27,In Progress,
E01091,L12964,P005,2024-04-14,Completed,2024-06-23
E01092,L12965,P005,2025-06-06,Completed,2025-08-15
E01093,L12989,P003,2025-10-14,Completed,2026-01-06
E01094,L13006,P003,2025-09-07,Completed,2025-11-30
E01095,L13020,P005,2025-02-23,Completed,2025-05-04
E01096,L13059,P005,2025-12-08,Completed,2026-02-16
E01097,L13062,P001,2024-02-28,Completed,2024-05-22
E01098,L13087,P002,2025-05-26,Completed,2025-09-15
E01099,L13113,P001,2025-04-09,Completed,2025-07-02
E01100,L13130,P005,2025-06-29,In Progress,
E01101,L13150,P002,2025-11-29,Completed,2026-03-21
E01102,L13151,P002,2024-10-19,Completed,2025-02-08
E01103,L13167,P003,2024-10-17,Completed,2025-01-09
E01104,L13180,P001,2024-08-29,In Progress,
E01105,L13217,P004,2024-05-03,Completed,2024-08-23
E01106,L13260,P005,2024-07-18,Completed,2024-09-26
E01107,L13276,P002,2024-02-20,Completed,2024-06-11
E01108,L13298,P003,2024-07-23,Completed,2024-10-15
E01109,L13300,P003,2025-12-06,Completed,2026-02-28
E01110,L13302,P004,2024-04-29,Completed,2024-08-19
E01111,L13308,P003,2024-11-22,Completed,2025-02-14
E01112,L13309,P002,2025-08-14,Completed,2025-12-04
E01113,L13355,P003,2025-11-24,Dropped Out,
E01114,L13361,P001,2024-03-24,Completed,2024-06-16
E01115,L13368,P003,2024-06-08,In Progress,
E01116,L13385,P002,2025-02-24,Completed,2025-06-16
E01117,L13393,P005,2024-09-09,Dropped Out,
E01118,L13427,P001,2025-01-20,Completed,2025-04-14
E01119,L13449,P003,2025-08-04,In Progress,
E01120,L13476,P004,2024-10-19,Dropped Out,
E01121,L13491,P003,2024-03-09,Completed,2024-06-01
E01122,L13494,P005,2025-10-09,Completed,2025-12-18
E01123,L13503,P002,2025-02-19,Completed,2025-06-11
E01124,L13512,P005,2025-02-18,Completed,2025-04-29
E01125,L13513,P001,2024-12-08,Completed,2025-03-02
E01126,L13532,P002,2025-03-20,In Progress,
E01127,L13544,P002,2025-01-25,In Progress,
E01128,L13546,P002,2024-06-28,Dropped Out,
E01129,L13557,P005,2025-10-04,Completed,2025-12-13
E01130,L13581,P004,2025-08-16,Dropped Out,
E01131,L13588,P002,2025-06-13,Completed,2025-10-03
E01132,L13625,P002,2024-03-20,Dropped Out,
E01133,L13650,P004,2024-12-01,In Progress,
E01134,L13655,P001,2024-08-11,Completed,2024-11-03
E01135,L13656,P004,2025-03-26,Completed,2025-07-16
E01136,L13658,P005,2024-05-22,Completed,2024-07-31
E01137,L13670,P003,2025-07-05,In Progress,
E01138,L13672,P002,2024-10-19,Completed,2025-02-08
E01139,L13675,P001,2024-07-11,Completed,2024-10-03
E01140,L13679,P003,2024-03-13,In Progress,
E01141,L13691,P004,2024-08-25,Completed,2024-12-15
E01142,L13707,P005,2024-08-13,Dropped Out,
E01143,L13715,P001,2025-10-04,Completed,2025-12-27
E01144,L13791,P003,2025-04-25,Completed,2025-07-18
E01145,L13808,P004,2025-08-08,Completed,2025-11-28
E01146,L13809,P003,2024-05-01,In Progress,
E01147,L13821,P003,2025-01-02,In Progress,
E01148,L13824,P003,2024-07-24,Completed,2024-10-16
E01149,L13828,P004,2024-12-14,Completed,2025-04-05
E01150,L13844,P004,2025-12-03,In Progress,
E01151,L13853,P001,2024-11-16,Completed,2025-02-08
E01152,L13869,P003,2025-03-25,Completed,2025-06-17
E01153,L13875,P005,2024-06-03,Dropped Out,
E01154,L13885,P005,2024-10-08,Completed,2024-12-17
E01155,L13901,P001,2024-04-08,In Progress,
E01156,L13904,P004,2024-03-19,Dropped Out,
E01157,L13920,P005,2025-11-01,Completed,2026-01-10
E01158,L13924,P001,2024-04-21,Completed,2024-07-14
E01159,L13937,P005,2025-07-20,Completed,2025-09-28
E01160,L13972,P003,2025-09-28,Completed,2025-12-21
E01161,L13982,P002,2025-04-02,Completed,2025-07-23
E01162,L14007,P003,2025-10-23,Completed,2026-01-15
E01163,L14013,P003,2026-01-07,Completed,2026-04-01
E01164,L14065,P005,2025-06-27,Dropped Out,
E01165,L14071,P003,2025-10-28,Dropped Out,
E01166,L14076,P003,2025-02-17,Completed,2025-05-12
E01167,L14093,P002,2024-07-17,Dropped Out,
E01168,L14119,P002,2025-11-30,Dropped Out,
E01169,L14129,P005,2024-11-05,Completed,2025-01-14
E01170,L14138,P001,2025-02-06,Completed,2025-05-01
E01171,L14154,P005,2025-03-17,Completed,2025-05-26
E01172,L14159,P001,2025-07-14,Completed,2025-10-06
E01173,L14171,P004,2026-01-08,Completed,2026-04-30
E01174,L14189,P005,2025-08-05,Completed,2025-10-14
E01175,L14208,P001,2025-02-05,Completed,2025-04-30
E01176,L14212,P003,2025-09-22,In Progress,
E01177,L14215,P001,2025-01-02,Completed,2025-03-27
E01178,L14231,P003,2024-07-13,Completed,2024-10-05
E01179,L14252,P003,2025-08-24,Dropped Out,
E01180,L14255,P005,2024-04-23,Completed,2024-07-02
E01181,L14258,P005,2024-04-26,Completed,2024-07-05
E01182,L14260,P002,2025-05-21,In Progress,
E01183,L14284,P003,2024-08-15,Completed,2024-11-07
E01184,L14295,P005,2024-05-30,Completed,2024-08-08
E01185,L14322,P004,2024-03-24,In Progress,
E01186,L14331,P003,2024-05-01,Completed,2024-07-24
E01187,L14333,P001,2025-02-14,Completed,2025-05-09
E01188,L14342,P003,2025-09-24,In Progress,
E01189,L14347,P004,2024-12-28,Completed,2025-04-19
E01190,L14358,P002,2025-12-14,Completed,2026-04-05
E01191,L14364,P003,2025-10-28,Completed,2026-01-20
E01192,L14375,P004,2025-03-24,Completed,2025-07-14
E01193,L14379,P002,2025-06-10,In Progress,
E01194,L14409,P002,2025-01-01,Completed,2025-04-23
E01195,L14424,P002,2025-02-21,Completed,2025-06-13
E01196,L14428,P001,2024-03-12,In Progress,
E01197,L14458,P002,2025-06-03,In Progress,
E01198,L14469,P004,2024-04-17,In Progress,
E01199,L14470,P002,2024-03-17,Dropped Out,
E01200,L14477,P005,2025-03-18,Completed,2025-05-27
E01201,L14493,P001,2025-12-02,Completed,2026-02-24
E01202,L14496,P001,2025-12-19,Completed,2026-03-13
E01203,L14505,P003,2024-01-06,Completed,2024-03-30
E01204,L14506,P002,2024-08-28,Dropped Out,
E01205,L14509,P001,2024-05-29,Dropped Out,
E01206,L14519,P004,2024-02-24,In Progress,
E01207,L14520,P004,2026-01-06,Dropped Out,
E01208,L14524,P002,2025-12-23,Completed,2026-04-14
E01209,L14527,P002,2025-09-30,Completed,2026-01-20
E01210,L14532,P004,2025-11-27,Completed,2026-03-19
E01211,L14541,P001,2025-08-20,Dropped Out,
E01212,L14543,P004,2024-06-10,Dropped Out,
E01213,L14549,P005,2025-07-21,Completed,2025-09-29
E01214,L14557,P001,2025-09-25,Completed,2025-12-18
E01215,L14558,P002,2025-06-24,In Progress,
E01216,L14567,P002,2025-02-07,Completed,2025-05-30
E01217,L14569,P003,2025-03-01,Completed,2025-05-24
E01218,L14572,P004,2025-11-07,Completed,2026-02-27
E01219,L14577,P003,2025-01-13,In Progress,
E01220,L14582,P004,2025-03-11,Completed,2025-07-01
E01221,L14613,P001,2025-12-29,In Progress,
E01222,L14621,P003,2025-02-01,Completed,2025-04-26
E01223,L14655,P005,2025-06-15,Completed,2025-08-24
E01224,L14691,P003,2024-08-23,In Progress,
E01225,L14697,P005,2024-02-18,Completed,2024-04-28
E01226,L14719,P004,2025-06-22,Completed,2025-10-12
E01227,L14723,P002,2025-01-31,In Progress,
E01228,L14726,P004,2024-03-08,Completed,2024-06-28
E01229,L14746,P001,2025-02-23,Completed,2025-05-18
E01230,L14786,P005,2025-04-05,Dropped Out,
E01231,L14794,P001,2025-08-18,Completed,2025-11-10
E01232,L14819,P003,2025-07-07,In Progress,
E01233,L14825,P001,2024-04-19,Completed,2024-07-12
E01234,L14827,P004,2024-04-16,Completed,2024-08-06
E01235,L14828,P005,2024-09-24,Completed,2024-12-03
E01236,L14829,P005,2025-04-28,Completed,2025-07-07
E01237,L14837,P001,2025-09-02,Completed,2025-11-25
E01238,L14840,P004,2024-12-22,Completed,2025-04-13
E01239,L14851,P005,2024-04-25,Completed,2024-07-04
E01240,L14860,P002,2024-08-22,Completed,2024-12-12
E01241,L14864,P004,2024-06-26,Completed,2024-10-16
E01242,L14865,P003,2024-03-03,Completed,2024-05-26
E01243,L14870,P004,2025-11-01,Completed,2026-02-21
E01244,L14881,P002,2025-01-30,Dropped Out,
E01245,L14886,P004,2024-02-21,Dropped Out,
E01246,L14889,P002,2025-10-18,Completed,2026-02-07
E01247,L14896,P004,2024-05-21,In Progress,
E01248,L14909,P001,2024-12-03,Completed,2025-02-25
E01249,L14918,P001,2025-10-11,Completed,2026-01-03
E01250,L14929,P004,2025-10-15,Completed,2026-02-04
E01251,L14957,P004,2024-05-02,Completed,2024-08-22
E01252,L14974,P005,2024-05-24,Dropped Out,
E01253,L14975,P005,2025-02-14,In Progress,
E01254,L14979,P001,2025-10-20,Dropped Out,
E01255,L15001,P003,2025-03-29,Completed,2025-06-21
E01256,L15008,P004,2024-09-11,Dropped Out,
E01257,L15014,P002,2024-03-22,Dropped Out,
E01258,L15030,P004,2025-06-17,Dropped Out,
E01259,L15048,P004,2024-02-12,Completed,2024-06-03
E01260,L15065,P002,2024-03-15,Completed,2024-07-05
E01261,L15066,P001,2024-06-09,In Progress,
E01262,L15068,P003,2025-06-18,Completed,2025-09-10
E01263,L15087,P001,2025-09-28,Completed,2025-12-21
E01264,L15088,P005,2025-06-01,Completed,2025-08-10
E01265,L15093,P003,2025-06-30,Completed,2025-09-22
E01266,L15105,P003,2024-12-05,Dropped Out,
E01267,L15114,P005,2025-07-11,Completed,2025-09-19
E01268,L15120,P003,2025-12-31,Completed,2026-03-25
E01269,L15121,P004,2025-06-21,Completed,2025-10-11
E01270,L15133,P003,2025-02-18,Completed,2025-05-13
E01271,L15153,P002,2024-08-31,Completed,2024-12-21
E01272,L15162,P003,2024-04-07,Completed,2024-06-30
E01273,L15190,P001,2024-06-26,Completed,2024-09-18
E01274,L15213,P002,2025-09-21,Completed,2026-01-11
E01275,L15222,P005,2024-10-11,Completed,2024-12-20
E01276,L15264,P005,2025-07-12,Completed,2025-09-20
E01277,L15265,P005,2025-02-28,Completed,2025-05-09
E01278,L15294,P004,2025-07-12,Dropped Out,
E01279,L15331,P004,2025-11-05,Completed,2026-02-25
E01280,L15334,P003,2024-04-08,Completed,2024-07-01
E01281,L15340,P005,2025-02-17,Completed,2025-04-28
E01282,L15347,P005,2024-12-27,Dropped Out,
E01283,L15353,P004,2024-12-29,Completed,2025-04-20
E01284,L15368,P003,2025-11-14,Completed,2026-02-06
E01285,L15373,P002,2025-01-15,In Progress,
E01286,L15378,P001,2024-04-03,Completed,2024-06-26
E01287,L15404,P003,2025-02-04,Completed,2025-04-29
E01288,L15441,P005,2024-06-15,Completed,2024-08-24
E01289,L15450,P005,2025-04-28,Completed,2025-07-07
E01290,L15464,P002,2025-11-01,Dropped Out,
E01291,L15504,P001,2025-01-30,Completed,2025-04-24
E01292,L15509,P004,2024-12-10,In Progress,
E01293,L15535,P004,2025-08-22,Dropped Out,
E01294,L15557,P005,2024-03-28,Completed,2024-06-06
E01295,L15574,P003,2024-08-29,Completed,2024-11-21
E01296,L15578,P003,2026-01-06,Completed,2026-03-31
E01297,L15596,P003,2024-08-14,Completed,2024-11-06
E01298,L15597,P004,2025-05-23,Dropped Out,
E01299,L15608,P002,2024-08-16,Completed,2024-12-06
E01300,L15621,P005,2025-07-29,Completed,2025-10-07
E01301,L15642,P004,2024-11-03,Completed,2025-02-23
E01302,L15653,P004,2025-06-29,Completed,2025-10-19
E01303,L15689,P003,2025-12-09,Completed,2026-03-03
E01304,L15692,P004,2024-08-17,Completed,2024-12-07
E01305,L15708,P002,2025-10-14,Dropped Out,
E01306,L15725,P002,2025-06-25,Completed,2025-10-15
E01307,L15726,P005,2025-09-03,In Progress,
E01308,L15750,P005,2024-09-17,Completed,2024-11-26
E01309,L15768,P004,2025-03-29,Completed,2025-07-19
E01310,L15781,P005,2025-11-19,Completed,2026-01-28
E01311,L15784,P004,2025-06-12,In Progress,
E01312,L15789,P005,2024-10-06,Completed,2024-12-15
E01313,L15792,P002,2025-12-04,Completed,2026-03-26
E01314,L15818,P002,2024-09-03,Completed,2024-12-24
E01315,L15821,P002,2024-09-02,Completed,2024-12-23
E01316,L15825,P002,2026-01-12,Completed,2026-05-04
E01317,L15826,P002,2024-12-12,Completed,2025-04-03
E01318,L15838,P004,2025-06-16,Completed,2025-10-06
E01319,L15857,P005,2026-01-03,Completed,2026-03-14
E01320,L15873,P002,2025-10-15,Completed,2026-02-04
E01321,L15881,P005,2024-06-01,Completed,2024-08-10
E01322,L15882,P004,2024-09-10,Dropped Out,
E01323,L15900,P004,2025-03-03,In Progress,
E01324,L15908,P003,2025-04-26,Completed,2025-07-19
E01325,L15916,P005,2025-05-09,Completed,2025-07-18
E01326,L15918,P004,2024-01-29,Completed,2024-05-20
E01327,L15926,P004,2025-07-15,In Progress,
E01328,L15951,P005,2024-09-21,Completed,2024-11-30
E01329,L15957,P002,2024-12-12,Dropped Out,
E01330,L15968,P002,2024-12-06,Completed,2025-03-28
E01331,L15973,P003,2024-11-26,Completed,2025-02-18
E01332,L15980,P005,2024-12-04,Completed,2025-02-12
E01333,L15990,P001,2025-08-30,Dropped Out,
E01334,L16001,P003,2025-08-01,In Progress,
E01335,L16009,P003,2024-11-09,Completed,2025-02-01
E01336,L16015,P001,2025-08-06,Completed,2025-10-29
E01337,L16020,P003,2024-02-25,Completed,2024-05-19
E01338,L16039,P001,2025-06-27,Completed,2025-09-19
E01339,L16058,P002,2024-08-05,Completed,2024-11-25
E01340,L16071,P005,2024-11-29,In Progress,
E01341,L16092,P001,2024-06-21,Completed,2024-09-13
E01342,L16100,P005,2024-08-17,Completed,2024-10-26
E01343,L16122,P005,2025-10-16,Completed,2025-12-25
E01344,L16128,P001,2024-03-02,Completed,2024-05-25
E01345,L16144,P005,2025-09-25,Completed,2025-12-04
E01346,L16155,P005,2024-07-17,Completed,2024-09-25
E01347,L16175,P004,2025-11-26,Completed,2026-03-18
E01348,L16179,P002,2024-10-09,In Progress,
E01349,L16184,P002,2025-03-25,Dropped Out,
E01350,L16189,P002,2024-06-14,Completed,2024-10-04
E01351,L16199,P005,2024-02-26,Completed,2024-05-06
E01352,L16216,P003,2024-10-07,Dropped Out,
E01353,L16226,P001,2024-06-19,Completed,2024-09-11
E01354,L16234,P002,2025-08-28,Completed,2025-12-18
E01355,L16258,P001,2025-10-23,In Progress,
E01356,L16259,P003,2025-05-11,Dropped Out,
E01357,L16293,P004,2024-12-05,Completed,2025-03-27
E01358,L16315,P005,2024-04-01,Completed,2024-06-10
E01359,L16316,P002,2026-01-15,Dropped Out,
E01360,L16318,P001,2025-07-07,Completed,2025-09-29
E01361,L16322,P005,2024-08-11,Completed,2024-10-20
E01362,L16324,P003,2026-01-02,In Progress,
E01363,L16332,P005,2025-10-30,Completed,2026-01-08
E01364,L16339,P002,2025-01-08,Completed,2025-04-30
E01365,L16348,P001,2025-07-26,Completed,2025-10-18
E01366,L16359,P002,2024-11-13,In Progress,
E01367,L16361,P004,2024-05-20,In Progress,
E01368,L16364,P002,2024-12-27,Completed,2025-04-18
E01369,L16407,P001,2025-05-19,Completed,2025-08-11
E01370,L16412,P004,2025-04-15,Completed,2025-08-05
E01371,L16413,P005,2024-05-03,Completed,2024-07-12
E01372,L16415,P002,2025-06-27,Completed,2025-10-17
E01373,L16425,P003,2025-03-17,Dropped Out,
E01374,L16441,P004,2025-01-01,Completed,2025-04-23
E01375,L16445,P005,2025-11-08,Completed,2026-01-17
E01376,L16450,P004,2025-06-13,Completed,2025-10-03
E01377,L16474,P005,2024-05-08,In Progress,
E01378,L16515,P005,2024-05-29,Completed,2024-08-07
E01379,L16529,P001,2025-12-13,In Progress,
E01380,L16530,P002,2026-02-07,Completed,2026-05-30
E01381,L16537,P001,2025-06-28,Completed,2025-09-20
E01382,L16548,P003,2025-10-17,Dropped Out,
E01383,L16560,P005,2025-10-20,Dropped Out,
E01384,L16571,P005,2024-10-12,Dropped Out,
E01385,L16577,P002,2024-09-25,Completed,2025-01-15
E01386,L16580,P001,2025-07-20,Dropped Out,
E01387,L16623,P003,2024-06-05,Completed,2024-08-28
E01388,L16624,P003,2025-11-18,In Progress,
E01389,L16648,P001,2025-11-11,Dropped Out,
E01390,L16652,P002,2024-04-02,Completed,2024-07-23
E01391,L16663,P003,2024-03-06,Completed,2024-05-29
E01392,L16666,P001,2025-03-07,Completed,2025-05-30
E01393,L16673,P005,2024-02-18,In Progress,
E01394,L16680,P002,2025-10-06,Dropped Out,
E01395,L16714,P001,2025-06-12,Completed,2025-09-04
E01396,L16737,P001,2024-08-05,Completed,2024-10-28
E01397,L16738,P004,2024-07-24,In Progress,
E01398,L16751,P005,2024-07-27,Completed,2024-10-05
E01399,L16766,P002,2024-02-13,Completed,2024-06-04
E01400,L16775,P005,2025-01-27,Completed,2025-04-07
E01401,L16777,P001,2024-11-16,Dropped Out,
E01402,L16780,P002,2025-07-30,Completed,2025-11-19
E01403,L16781,P005,2024-07-14,Dropped Out,
E01404,L16792,P002,2024-09-16,Dropped Out,
E01405,L16798,P002,2025-03-25,Completed,2025-07-15
E01406,L16801,P003,2024-07-01,Dropped Out,
E01407,L16803,P002,2025-10-24,Completed,2026-02-13
E01408,L16816,P002,2025-01-10,Completed,2025-05-02
E01409,L16829,P001,2024-09-30,Completed,2024-12-23
E01410,L16847,P005,2025-07-23,Completed,2025-10-01
E01411,L16886,P002,2024-10-19,Dropped Out,
E01412,L16897,P002,2025-04-04,Dropped Out,
E01413,L16903,P002,2024-07-19,Completed,2024-11-08
E01414,L16917,P005,2025-04-15,Dropped Out,
E01415,L16920,P002,2025-07-28,Completed,2025-11-17
E01416,L16922,P005,2024-12-12,Completed,2025-02-20
E01417,L16928,P004,2024-02-27,In Progress,
E01418,L16931,P003,2025-10-03,Completed,2025-12-26
E01419,L16964,P003,2024-12-11,Completed,2025-03-05
E01420,L16976,P003,2025-01-17,Dropped Out,
E01421,L16989,P003,2026-01-09,Completed,2026-04-03
E01422,L16999,P005,2024-07-05,Dropped Out,
E01423,L17014,P003,2024-03-23,Completed,2024-06-15
E01424,L17022,P005,2025-02-13,Completed,2025-04-24
E01425,L17029,P004,2024-03-10,Completed,2024-06-30
E01426,L17034,P004,2025-07-29,Completed,2025-11-18
E01427,L17037,P003,2025-11-15,In Progress,
E01428,L17039,P001,2025-01-01,Completed,2025-03-26
E01429,L17054,P002,2025-12-25,In Progress,
E01430,L17058,P002,2024-05-05,In Progress,
E01431,L17061,P002,2025-10-26,Dropped Out,
E01432,L17062,P004,2025-01-28,Completed,2025-05-20
E01433,L17067,P001,2025-07-15,Completed,2025-10-07
E01434,L17070,P004,2025-08-24,Completed,2025-12-14
E01435,L17071,P003,2024-04-18,Completed,2024-07-11
E01436,L17084,P005,2025-12-15,Completed,2026-02-23
E01437,L17087,P005,2024-02-18,In Progress,
E01438,L17088,P003,2025-02-02,In Progress,
E01439,L17111,P005,2024-12-14,Completed,2025-02-22
E01440,L17115,P003,2024-05-10,Dropped Out,
E01441,L17146,P002,2024-02-07,Completed,2024-05-29
E01442,L17164,P002,2026-02-08,In Progress,
E01443,L17179,P002,2024-10-11,Dropped Out,
E01444,L17183,P002,2025-07-02,Completed,2025-10-22
E01445,L17191,P002,2024-08-07,Completed,2024-11-27
E01446,L17196,P003,2024-12-21,Completed,2025-03-15
E01447,L17206,P001,2025-02-21,Dropped Out,
E01448,L17207,P002,2024-05-25,Completed,2024-09-14
E01449,L17212,P002,2025-01-17,Completed,2025-05-09
E01450,L17219,P001,2024-04-08,Completed,2024-07-01
E01451,L17225,P002,2025-07-07,Completed,2025-10-27
E01452,L17235,P001,2025-09-01,In Progress,
E01453,L17238,P003,2024-03-06,Completed,2024-05-29
E01454,L17256,P004,2024-10-19,Completed,2025-02-08
E01455,L17261,P004,2024-08-28,Dropped Out,
E01456,L17284,P001,2025-10-07,Completed,2025-12-30
E01457,L17307,P001,2024-05-24,Completed,2024-08-16
E01458,L17317,P004,2025-03-18,Dropped Out,
E01459,L17318,P003,2024-03-19,In Progress,
E01460,L17320,P003,2025-08-16,Completed,2025-11-08
E01461,L17332,P005,2025-02-27,In Progress,
E01462,L17334,P002,2024-12-12,Completed,2025-04-03
E01463,L17349,P003,2024-02-05,Completed,2024-04-29
E01464,L17356,P002,2024-11-11,In Progress,
E01465,L17362,P001,2025-12-25,Completed,2026-03-19
E01466,L17369,P001,2024-11-10,Completed,2025-02-02
E01467,L17402,P005,2025-09-17,Completed,2025-11-26
E01468,L17410,P005,2025-09-01,Completed,2025-11-10
E01469,L17431,P001,2024-04-13,Completed,2024-07-06
E01470,L17434,P001,2024-03-13,Completed,2024-06-05
E01471,L17443,P003,2025-12-02,Completed,2026-02-24
E01472,L17445,P005,2025-04-11,Completed,2025-06-20
E01473,L17455,P005,2025-02-12,Dropped Out,
E01474,L17458,P005,2024-01-27,Dropped Out,
E01475,L17463,P002,2026-01-30,Completed,2026-05-22
E01476,L17465,P003,2025-08-23,Completed,2025-11-15
E01477,L17466,P003,2025-09-03,Completed,2025-11-26
E01478,L17468,P005,2025-03-16,Completed,2025-05-25
E01479,L17501,P003,2024-05-01,Completed,2024-07-24
E01480,L17506,P001,2024-05-13,In Progress,
E01481,L17532,P001,2024-10-26,Completed,2025-01-18
E01482,L17538,P005,2025-12-14,Completed,2026-02-22
E01483,L17567,P001,2025-08-22,In Progress,
E01484,L17570,P002,2025-11-23,Dropped Out,
E01485,L17579,P005,2024-05-20,Completed,2024-07-29
E01486,L17581,P001,2024-07-03,Completed,2024-09-25
E01487,L17585,P003,2024-08-03,Completed,2024-10-26
E01488,L17586,P001,2025-06-23,Completed,2025-09-15
E01489,L17600,P001,2024-04-09,Completed,2024-07-02
E01490,L17601,P005,2025-07-12,In Progress,
E01491,L17613,P005,2024-01-18,Completed,2024-03-28
E01492,L17642,P005,2024-07-12,Dropped Out,
E01493,L17647,P004,2024-03-21,In Progress,
E01494,L17648,P005,2025-09-15,Dropped Out,
E01495,L17660,P001,2025-07-11,Completed,2025-10-03
E01496,L17671,P001,2025-05-31,Dropped Out,
E01497,L17681,P003,2024-11-10,In Progress,
E01498,L17698,P002,2024-05-15,Completed,2024-09-04
E01499,L17712,P004,2025-02-14,In Progress,
E01500,L17713,P005,2025-08-29,Completed,2025-11-07
E01501,L17717,P003,2024-09-20,Completed,2024-12-13
E01502,L17721,P003,2024-05-24,Completed,2024-08-16
E01503,L17736,P001,2025-08-07,Completed,2025-10-30
E01504,L17737,P005,2025-08-23,Completed,2025-11-01
E01505,L17741,P002,2024-04-17,In Progress,
E01506,L17756,P001,2024-09-02,Dropped Out,
E01507,L17767,P003,2024-08-28,Completed,2024-11-20
E01508,L17773,P003,2024-09-30,Completed,2024-12-23
E01509,L17780,P005,2025-12-04,Completed,2026-02-12
E01510,L17788,P001,2025-04-24,Completed,2025-07-17
E01511,L17802,P001,2025-11-14,Completed,2026-02-06
E01512,L17804,P001,2024-12-30,In Progress,
E01513,L17812,P001,2025-12-26,Dropped Out,
E01514,L17817,P003,2024-06-16,Dropped Out,
E01515,L17820,P005,2025-11-05,In Progress,
E01516,L17846,P001,2024-09-07,Completed,2024-11-30
E01517,L17850,P003,2025-01-26,Completed,2025-04-20
E01518,L17852,P001,2024-09-22,Completed,2024-12-15
E01519,L17868,P001,2024-02-29,Completed,2024-05-23
E01520,L17883,P001,2024-07-06,Dropped Out,
E01521,L17887,P001,2024-08-11,Completed,2024-11-03
E01522,L17899,P001,2025-11-10,Dropped Out,
E01523,L17919,P002,2025-12-12,Completed,2026-04-03
E01524,L17937,P003,2025-06-13,Completed,2025-09-05
E01525,L17941,P003,2025-04-26,Completed,2025-07-19
E01526,L17942,P002,2025-08-16,Completed,2025-12-06
E01527,L17945,P004,2024-02-23,In Progress,
E01528,L17949,P004,2024-03-09,In Progress,
E01529,L17950,P002,2024-05-02,Completed,2024-08-22
E01530,L17974,P002,2025-09-26,In Progress,
E01531,L17977,P003,2025-06-20,Completed,2025-09-12
E01532,L17981,P004,2024-03-05,Dropped Out,
E01533,L18000,P005,2025-02-01,In Progress,
E01534,L18032,P002,2024-12-11,In Progress,
E01535,L18038,P001,2025-06-28,Completed,2025-09-20
E01536,L18040,P001,2025-10-19,Completed,2026-01-11
E01537,L18041,P003,2025-10-04,Completed,2025-12-27
E01538,L18051,P001,2024-08-28,Completed,2024-11-20
E01539,L18052,P003,2024-12-21,In Progress,
E01540,L18054,P004,2024-09-16,In Progress,
E01541,L18061,P004,2025-06-25,Completed,2025-10-15
E01542,L18066,P005,2024-03-04,Completed,2024-05-13
E01543,L18068,P002,2025-08-03,Dropped Out,
E01544,L18076,P002,2025-08-26,In Progress,
E01545,L18083,P002,2025-04-17,Dropped Out,
E01546,L18096,P003,2024-03-14,Completed,2024-06-06
E01547,L18099,P002,2025-11-07,In Progress,
E01548,L18100,P002,2024-07-24,Completed,2024-11-13
E01549,L18113,P002,2024-11-16,Completed,2025-03-08
E01550,L18115,P001,2024-12-14,Dropped Out,
E01551,L18118,P003,2025-09-24,Completed,2025-12-17
E01552,L18120,P004,2025-10-03,In Progress,
E01553,L18124,P003,2024-06-03,Dropped Out,
E01554,L18213,P003,2024-04-19,Completed,2024-07-12
E01555,L18219,P001,2025-08-12,Completed,2025-11-04
E01556,L18226,P001,2024-08-19,Completed,2024-11-11
E01557,L18249,P003,2024-07-21,Completed,2024-10-13
E01558,L18261,P003,2025-08-03,Completed,2025-10-26
E01559,L18271,P003,2024-10-15,In Progress,
E01560,L18274,P005,2025-03-15,In Progress,
E01561,L18308,P005,2024-02-29,Completed,2024-05-09
E01562,L18325,P001,2025-07-15,Completed,2025-10-07
E01563,L18339,P002,2024-10-14,In Progress,
E01564,L18357,P005,2026-01-13,Completed,2026-03-24
E01565,L18367,P002,2024-06-17,Completed,2024-10-07
E01566,L18370,P004,2024-09-14,Completed,2025-01-04
E01567,L18381,P004,2025-06-23,Dropped Out,
E01568,L18389,P004,2025-05-21,Completed,2025-09-10
E01569,L18390,P003,2024-06-29,Completed,2024-09-21
E01570,L18424,P002,2024-03-27,In Progress,
E01571,L18427,P002,2024-05-27,In Progress,
E01572,L18441,P003,2024-09-15,Completed,2024-12-08
E01573,L18445,P003,2024-08-17,In Progress,
E01574,L18454,P001,2024-03-27,Completed,2024-06-19
E01575,L18464,P001,2025-09-24,Completed,2025-12-17
E01576,L18471,P003,2025-11-20,In Progress,
E01577,L18499,P003,2024-08-12,Dropped Out,
E01578,L18541,P003,2025-05-06,Completed,2025-07-29
E01579,L18545,P004,2024-04-24,In Progress,
E01580,L18548,P003,2024-08-18,Completed,2024-11-10
E01581,L18550,P001,2024-03-09,Completed,2024-06-01
E01582,L18561,P004,2024-04-01,Completed,2024-07-22
E01583,L18568,P005,2025-01-24,Dropped Out,
E01584,L18570,P004,2025-11-15,Completed,2026-03-07
E01585,L18577,P005,2024-04-19,Dropped Out,
E01586,L18585,P004,2024-08-09,Completed,2024-11-29
E01587,L18591,P005,2025-09-14,In Progress,
E01588,L18601,P005,2024-05-20,Completed,2024-07-29
E01589,L18612,P002,2024-08-04,Completed,2024-11-24
E01590,L18626,P001,2025-12-26,Completed,2026-03-20
E01591,L18627,P002,2025-07-27,Completed,2025-11-16
E01592,L18667,P004,2025-04-10,Completed,2025-07-31
E01593,L18695,P005,2025-06-24,Completed,2025-09-02
E01594,L18697,P005,2024-10-20,Completed,2024-12-29
E01595,L18700,P001,2024-07-15,Completed,2024-10-07
E01596,L18726,P002,2024-06-28,Completed,2024-10-18
E01597,L18727,P003,2024-06-14,In Progress,
E01598,L18777,P002,2025-06-30,In Progress,
E01599,L18812,P004,2024-07-26,In Progress,
E01600,L18825,P002,2024-06-04,Completed,2024-09-24
E01601,L18829,P003,2024-09-21,Completed,2024-12-14
E01602,L18836,P003,2024-07-29,Completed,2024-10-21
E01603,L18857,P004,2024-07-23,Dropped Out,
E01604,L18861,P003,2024-03-24,Completed,2024-06-16
E01605,L18864,P004,2024-12-26,Completed,2025-04-17
E01606,L18867,P003,2024-11-09,Completed,2025-02-01
E01607,L18886,P001,2024-03-08,Completed,2024-05-31
E01608,L18887,P004,2024-10-14,Completed,2025-02-03
E01609,L18889,P005,2024-03-27,Completed,2024-06-05
E01610,L18896,P001,2024-04-29,Completed,2024-07-22
E01611,L18900,P003,2024-04-09,Completed,2024-07-02
E01612,L18903,P002,2025-07-21,In Progress,
E01613,L18918,P005,2025-08-09,Completed,2025-10-18
E01614,L18925,P001,2024-04-08,Completed,2024-07-01
E01615,L18942,P003,2025-12-31,In Progress,
E01616,L18983,P003,2024-10-04,Completed,2024-12-27
E01617,L18992,P003,2025-07-02,Dropped Out,
E01618,L18994,P001,2024-11-21,Completed,2025-02-13
E01619,L18995,P002,2024-11-14,Dropped Out,
E01620,L18996,P004,2025-11-23,Completed,2026-03-15
E01621,L19027,P002,2025-04-16,In Progress,
E01622,L19033,P001,2024-10-09,Dropped Out,
E01623,L19065,P003,2025-10-02,Dropped Out,
E01624,L19067,P005,2024-06-08,Completed,2024-08-17
E01625,L19075,P004,2025-04-14,In Progress,
E01626,L19076,P004,2024-01-16,Dropped Out,
E01627,L19079,P004,2025-07-20,Completed,2025-11-09
E01628,L19083,P002,2025-07-19,Dropped Out,
E01629,L19091,P004,2024-10-11,Completed,2025-01-31
E01630,L19100,P003,2024-09-12,Dropped Out,
E01631,L19139,P004,2025-08-27,Completed,2025-12-17
E01632,L19172,P004,2024-09-15,Dropped Out,
E01633,L19173,P003,2024-11-08,Completed,2025-01-31
E01634,L19178,P003,2024-03-29,Completed,2024-06-21
E01635,L19191,P002,2025-04-23,Completed,2025-08-13
E01636,L19194,P004,2025-05-16,Completed,2025-09-05
E01637,L19197,P003,2025-10-13,Completed,2026-01-05
E01638,L19208,P002,2024-12-05,Completed,2025-03-27
E01639,L19217,P003,2025-03-12,Completed,2025-06-04
E01640,L19224,P004,2024-10-01,Completed,2025-01-21
E01641,L19225,P001,2025-03-12,Completed,2025-06-04
E01642,L19230,P003,2025-02-17,Completed,2025-05-12
E01643,L19232,P002,2024-04-22,In Progress,
E01644,L19249,P005,2024-04-11,Dropped Out,
E01645,L19251,P003,2024-09-10,Completed,2024-12-03
E01646,L19269,P005,2024-08-27,Completed,2024-11-05
E01647,L19270,P005,2025-07-29,In Progress,
E01648,L19273,P003,2024-10-01,In Progress,
E01649,L19275,P005,2025-05-08,Dropped Out,
E01650,L19281,P001,2025-04-13,In Progress,
E01651,L19295,P001,2024-05-26,Completed,2024-08-18
E01652,L19298,P001,2024-11-05,Completed,2025-01-28
E01653,L19299,P003,2025-10-13,Completed,2026-01-05
E01654,L19315,P003,2025-08-07,Completed,2025-10-30
E01655,L19319,P005,2025-11-19,In Progress,
E01656,L19333,P004,2025-02-27,Completed,2025-06-19
E01657,L19342,P002,2025-02-22,Completed,2025-06-14
E01658,L19343,P002,2025-12-03,Dropped Out,
E01659,L19385,P005,2024-12-23,In Progress,
E01660,L19423,P004,2025-06-22,Dropped Out,
E01661,L19426,P005,2024-02-09,Completed,2024-04-19
E01662,L19433,P002,2024-10-14,Completed,2025-02-03
E01663,L19439,P002,2025-02-15,Completed,2025-06-07
E01664,L19442,P001,2025-03-27,Dropped Out,
E01665,L19455,P003,2024-09-10,Completed,2024-12-03
E01666,L19476,P003,2024-08-22,Completed,2024-11-14
E01667,L19484,P003,2024-06-28,Completed,2024-09-20
E01668,L19485,P002,2025-05-29,Completed,2025-09-18
E01669,L19487,P002,2025-05-20,Completed,2025-09-09
E01670,L19488,P004,2025-03-27,Completed,2025-07-17
E01671,L19510,P001,2024-08-26,Completed,2024-11-18
E01672,L19512,P005,2025-02-28,Completed,2025-05-09
E01673,L19533,P005,2025-04-29,In Progress,
E01674,L19547,P004,2024-06-25,Completed,2024-10-15
E01675,L19554,P002,2025-05-23,Completed,2025-09-12
E01676,L19556,P003,2025-03-18,Dropped Out,
E01677,L19557,P003,2025-02-17,In Progress,
E01678,L19572,P001,2024-08-11,Completed,2024-11-03
E01679,L19574,P003,2025-12-27,Dropped Out,
E01680,L19602,P005,2025-08-04,Completed,2025-10-13
E01681,L19622,P005,2025-09-08,Completed,2025-11-17
E01682,L19629,P003,2024-03-13,Completed,2024-06-05
E01683,L19660,P004,2025-07-08,Completed,2025-10-28
E01684,L19661,P003,2025-07-19,Completed,2025-10-11
E01685,L19698,P001,2024-05-23,In Progress,
E01686,L19704,P005,2025-10-20,In Progress,
E01687,L19706,P001,2024-08-16,In Progress,
E01688,L19710,P003,2025-08-28,Completed,2025-11-20
E01689,L19714,P005,2025-09-18,Completed,2025-11-27
E01690,L19726,P001,2025-01-16,Dropped Out,
E01691,L19728,P001,2025-07-13,Completed,2025-10-05
E01692,L19739,P003,2025-12-26,Completed,2026-03-20
E01693,L19768,P001,2025-10-11,In Progress,
E01694,L19770,P004,2025-03-11,Completed,2025-07-01
E01695,L19796,P002,2025-01-29,Completed,2025-05-21
E01696,L19800,P001,2025-06-06,In Progress,
E01697,L19801,P004,2026-01-09,Completed,2026-05-01
E01698,L19817,P002,2025-01-28,Completed,2025-05-20
E01699,L19849,P002,2025-04-25,Completed,2025-08-15
E01700,L19856,P001,2024-11-02,Completed,2025-01-25
E01701,L19860,P001,2024-10-18,Dropped Out,
E01702,L19894,P001,2024-06-05,In Progress,
E01703,L19937,P001,2024-07-20,Dropped Out,
E01704,L19938,P004,2024-03-12,In Progress,
E01705,L19951,P005,2025-07-23,Completed,2025-10-01
E01706,L19956,P002,2025-10-15,Completed,2026-02-04
E01707,L19958,P003,2025-05-07,Completed,2025-07-30
E01708,L19962,P005,2025-01-23,Completed,2025-04-03
E01709,L19973,P002,2024-05-07,Completed,2024-08-27
E01710,L19984,P002,2024-07-06,In Progress,
E01711,L19985,P005,2025-03-24,Completed,2025-06-02
E01712,L19994,P002,2024-09-06,Dropped Out,
