payment_id,enrolment_id,payment_date,amount,payment_method,payment_status,refund_amount
PAY00001,E00001,2024-02-27,399,PayPal,Successful,0
PAY00002,E00002,2025-06-01,399,Card,Successful,0
PAY00003,E00003,2025-02-10,599,Card,Successful,0
PAY00004,E00004,2024-09-07,399,Card,Successful,0
PAY00005,E00005,2025-02-03,449,Bank Transfer,Successful,0
PAY00006,E00006,2024-11-12,449,PayPal,Successful,0
PAY00007,E00007,2024-02-17,449,PayPal,Successful,0
PAY00008,E00008,2025-05-26,549,Bank Transfer,Refunded,549
PAY00009,E00009,2024-05-02,499,Bank Transfer,Failed,0
PAY00010,E00010,2025-10-27,499,Bank Transfer,Successful,0
PAY00011,E00011,2025-11-29,549,PayPal,Successful,0
PAY00012,E00012,2024-12-03,449,Bank Transfer,Successful,0
PAY00013,E00013,2025-06-06,599,Card,Successful,0
PAY00014,E00014,2024-06-23,399,Bank Transfer,Successful,0
PAY00015,E00015,2026-01-02,449,Card,Successful,0
PAY00016,E00016,2025-07-30,449,PayPal,Successful,0
PAY00017,E00017,2025-11-05,599,Card,Successful,0
PAY00018,E00018,2025-04-24,449,Bank Transfer,Successful,0
PAY00019,E00019,2024-03-28,399,Bank Transfer,Successful,0
PAY00020,E00020,2025-10-08,499,Bank Transfer,Refunded,499
PAY00021,E00021,2025-12-13,399,PayPal,Successful,0
PAY00022,E00022,2025-02-19,449,Card,Refunded,449
PAY00023,E00023,2025-10-22,549,PayPal,Successful,0
PAY00024,E00024,2025-01-22,449,Bank Transfer,Successful,0
PAY00025,E00025,2024-11-17,549,Card,Successful,0
PAY00026,E00026,2025-02-13,549,PayPal,Successful,0
PAY00027,E00027,2024-11-02,549,Card,Successful,0
PAY00028,E00028,2024-01-26,599,PayPal,Successful,0
PAY00029,E00029,2025-02-03,449,PayPal,Successful,0
PAY00030,E00030,2025-04-16,499,PayPal,Successful,0
PAY00031,E00031,2026-01-13,449,Bank Transfer,Failed,0
PAY00032,E00032,2025-10-17,499,PayPal,Successful,0
PAY00033,E00033,2024-09-07,399,PayPal,Successful,0
PAY00034,E00034,2025-06-24,449,PayPal,Successful,0
PAY00035,E00035,2025-11-22,599,PayPal,Successful,0
PAY00036,E00036,2025-06-14,499,PayPal,Successful,0
PAY00037,E00037,2025-10-23,399,Card,Successful,0
PAY00038,E00038,2024-05-30,499,Card,Refunded,499
PAY00039,E00039,2024-07-05,399,Bank Transfer,Successful,0
PAY00040,E00040,2025-06-23,549,Bank Transfer,Refunded,549
PAY00041,E00041,2025-02-02,449,PayPal,Successful,0
PAY00042,E00042,2024-12-18,549,PayPal,Successful,0
PAY00043,E00043,2025-05-17,549,PayPal,Successful,0
PAY00044,E00044,2024-05-21,449,Card,Successful,0
PAY00045,E00045,2024-04-25,599,Card,Successful,0
PAY00046,E00046,2024-03-03,499,PayPal,Successful,0
PAY00047,E00047,2024-09-14,499,Card,Successful,0
PAY00048,E00048,2024-12-28,499,PayPal,Successful,0
PAY00049,E00049,2024-03-03,549,Bank Transfer,Successful,0
PAY00050,E00050,2024-08-10,449,Card,Successful,0
PAY00051,E00051,2024-02-16,449,PayPal,Failed,0
PAY00052,E00052,2024-02-08,499,Card,Successful,0
PAY00053,E00053,2025-12-15,499,Bank Transfer,Successful,0
PAY00054,E00054,2025-05-07,549,Card,Successful,0
PAY00055,E00055,2024-05-10,399,Card,Failed,0
PAY00056,E00056,2024-05-22,399,Bank Transfer,Successful,0
PAY00057,E00057,2025-12-21,549,PayPal,Successful,0
PAY00058,E00058,2024-06-23,549,Card,Successful,0
PAY00059,E00059,2025-01-01,499,Bank Transfer,Successful,0
PAY00060,E00060,2024-04-11,599,Bank Transfer,Successful,0
PAY00061,E00061,2025-03-31,399,Card,Successful,0
PAY00062,E00062,2025-08-16,499,Card,Refunded,499
PAY00063,E00063,2026-02-01,499,Card,Successful,0
PAY00064,E00064,2025-02-19,549,PayPal,Successful,0
PAY00065,E00065,2024-05-30,499,PayPal,Successful,0
PAY00066,E00066,2024-02-23,599,Bank Transfer,Successful,0
PAY00067,E00067,2025-04-30,449,Card,Successful,0
PAY00068,E00068,2025-03-30,399,Bank Transfer,Successful,0
PAY00069,E00069,2025-10-28,449,PayPal,Successful,0
PAY00070,E00070,2024-10-08,449,Card,Successful,0
PAY00071,E00071,2024-12-24,399,Card,Successful,0
PAY00072,E00072,2025-02-18,599,Card,Successful,0
PAY00073,E00073,2024-11-06,399,Bank Transfer,Successful,0
PAY00074,E00074,2026-01-24,599,PayPal,Successful,0
PAY00075,E00075,2025-11-14,449,PayPal,Successful,0
PAY00076,E00076,2024-05-04,549,Card,Successful,0
PAY00077,E00077,2025-08-25,399,Card,Successful,0
PAY00078,E00078,2024-08-08,499,Bank Transfer,Failed,0
PAY00079,E00079,2024-03-06,599,PayPal,Successful,0
PAY00080,E00080,2025-11-19,599,PayPal,Successful,0
PAY00081,E00081,2024-11-11,549,Bank Transfer,Successful,0
PAY00082,E00082,2025-09-21,399,Bank Transfer,Successful,0
PAY00083,E00083,2025-05-22,599,PayPal,Successful,0
PAY00084,E00084,2024-10-14,499,Card,Successful,0
PAY00085,E00085,2025-05-30,499,Bank Transfer,Successful,0
PAY00086,E00086,2024-12-22,399,Bank Transfer,Successful,0
PAY00087,E00087,2025-04-24,499,Bank Transfer,Successful,0
PAY00088,E00088,2024-08-18,549,Bank Transfer,Successful,0
PAY00089,E00089,2025-09-01,449,Bank Transfer,Successful,0
PAY00090,E00090,2024-04-27,599,Card,Successful,0
PAY00091,E00091,2024-04-08,549,Card,Successful,0
PAY00092,E00092,2024-06-02,499,Bank Transfer,Successful,0
PAY00093,E00093,2025-05-07,499,PayPal,Successful,0
PAY00094,E00094,2025-04-08,549,Card,Refunded,549
PAY00095,E00095,2025-01-28,499,Bank Transfer,Successful,0
PAY00096,E00096,2026-01-29,399,Bank Transfer,Successful,0
PAY00097,E00097,2025-07-01,399,PayPal,Successful,0
PAY00098,E00098,2025-07-19,499,Card,Successful,0
PAY00099,E00099,2024-01-21,599,Card,Successful,0
PAY00100,E00100,2024-02-09,449,PayPal,Successful,0
PAY00101,E00101,2025-10-24,549,PayPal,Successful,0
PAY00102,E00102,2024-10-23,499,PayPal,Successful,0
PAY00103,E00103,2025-04-03,549,PayPal,Successful,0
PAY00104,E00104,2025-03-09,499,PayPal,Successful,0
PAY00105,E00105,2024-08-13,449,Card,Successful,0
PAY00106,E00106,2024-09-21,449,Card,Successful,0
PAY00107,E00107,2025-07-28,449,Card,Successful,0
PAY00108,E00108,2024-09-25,499,Card,Successful,0
PAY00109,E00109,2024-06-22,599,Bank Transfer,Successful,0
PAY00110,E00110,2025-05-29,499,Card,Successful,0
PAY00111,E00111,2025-05-15,549,Card,Successful,0
PAY00112,E00112,2025-09-16,549,Bank Transfer,Refunded,549
PAY00113,E00113,2025-06-14,449,Card,Successful,0
PAY00114,E00114,2025-03-08,549,Bank Transfer,Successful,0
PAY00115,E00115,2024-02-14,599,PayPal,Successful,0
PAY00116,E00116,2025-08-17,449,Card,Successful,0
PAY00117,E00117,2024-12-10,599,PayPal,Failed,0
PAY00118,E00118,2024-12-17,599,PayPal,Successful,0
PAY00119,E00119,2025-08-19,549,Card,Successful,0
PAY00120,E00120,2024-11-07,549,PayPal,Successful,0
PAY00121,E00121,2025-06-21,399,Bank Transfer,Successful,0
PAY00122,E00122,2025-12-16,599,Card,Successful,0
PAY00123,E00123,2025-08-12,399,PayPal,Successful,0
PAY00124,E00124,2025-09-25,599,PayPal,Successful,0
PAY00125,E00125,2025-01-07,599,Card,Successful,0
PAY00126,E00126,2025-07-14,599,PayPal,Successful,0
PAY00127,E00127,2025-01-03,549,Card,Successful,0
PAY00128,E00128,2025-05-12,549,PayPal,Successful,0
PAY00129,E00129,2024-06-08,499,PayPal,Successful,0
PAY00130,E00130,2025-01-01,399,Bank Transfer,Successful,0
PAY00131,E00131,2025-08-06,549,PayPal,Successful,0
PAY00132,E00132,2024-06-22,449,PayPal,Successful,0
PAY00133,E00133,2025-08-10,399,Bank Transfer,Successful,0
PAY00134,E00134,2024-04-22,549,Bank Transfer,Successful,0
PAY00135,E00135,2025-06-09,599,Bank Transfer,Successful,0
PAY00136,E00136,2024-08-14,499,Card,Successful,0
PAY00137,E00137,2025-12-20,599,PayPal,Successful,0
PAY00138,E00138,2025-04-05,499,Bank Transfer,Successful,0
PAY00139,E00139,2026-01-08,499,Card,Failed,0
PAY00140,E00140,2024-02-09,399,Bank Transfer,Successful,0
PAY00141,E00141,2024-02-22,499,PayPal,Successful,0
PAY00142,E00142,2025-02-02,399,Bank Transfer,Successful,0
PAY00143,E00143,2024-02-12,599,Bank Transfer,Successful,0
PAY00144,E00144,2025-09-24,449,Bank Transfer,Successful,0
PAY00145,E00145,2025-03-03,399,PayPal,Successful,0
PAY00146,E00146,2025-11-30,399,Bank Transfer,Successful,0
PAY00147,E00147,2024-08-25,399,Card,Successful,0
PAY00148,E00148,2025-07-02,499,Bank Transfer,Successful,0
PAY00149,E00149,2025-01-27,549,Card,Successful,0
PAY00150,E00150,2026-01-18,449,Bank Transfer,Successful,0
PAY00151,E00151,2024-04-04,449,PayPal,Successful,0
PAY00152,E00152,2024-02-18,499,PayPal,Successful,0
PAY00153,E00153,2026-01-28,599,Card,Successful,0
PAY00154,E00154,2024-04-02,499,Bank Transfer,Successful,0
PAY00155,E00155,2024-08-31,449,Bank Transfer,Successful,0
PAY00156,E00156,2024-04-29,599,PayPal,Successful,0
PAY00157,E00157,2024-12-05,499,Bank Transfer,Successful,0
PAY00158,E00158,2024-08-11,599,PayPal,Successful,0
PAY00159,E00159,2025-12-13,599,Bank Transfer,Successful,0
PAY00160,E00160,2025-12-08,499,Card,Successful,0
PAY00161,E00161,2024-03-31,599,Bank Transfer,Successful,0
PAY00162,E00162,2024-12-14,499,Card,Successful,0
PAY00163,E00163,2025-01-29,549,PayPal,Failed,0
PAY00164,E00164,2025-07-10,449,Card,Successful,0
PAY00165,E00165,2024-05-08,549,Bank Transfer,Successful,0
PAY00166,E00166,2025-05-05,399,Card,Refunded,399
PAY00167,E00167,2025-08-18,599,Bank Transfer,Successful,0
PAY00168,E00168,2024-12-05,499,Card,Successful,0
PAY00169,E00169,2025-06-14,399,Card,Successful,0
PAY00170,E00170,2024-05-27,449,Card,Successful,0
PAY00171,E00171,2024-03-01,549,Card,Successful,0
PAY00172,E00172,2024-03-13,399,Bank Transfer,Successful,0
PAY00173,E00173,2025-03-05,399,Bank Transfer,Successful,0
PAY00174,E00174,2025-01-22,549,Bank Transfer,Successful,0
PAY00175,E00175,2025-01-06,449,PayPal,Successful,0
PAY00176,E00176,2025-04-01,399,PayPal,Successful,0
PAY00177,E00177,2024-11-12,449,Card,Successful,0
PAY00178,E00178,2024-11-29,449,PayPal,Successful,0
PAY00179,E00179,2025-12-11,549,Bank Transfer,Successful,0
PAY00180,E00180,2024-12-06,449,Bank Transfer,Successful,0
PAY00181,E00181,2025-03-28,399,Bank Transfer,Failed,0
PAY00182,E00182,2024-12-17,449,Card,Successful,0
PAY00183,E00183,2024-04-29,399,Card,Successful,0
PAY00184,E00184,2025-12-06,449,PayPal,Successful,0
PAY00185,E00185,2025-12-18,599,Card,Successful,0
PAY00186,E00186,2024-07-26,499,Card,Successful,0
PAY00187,E00187,2025-10-27,599,Bank Transfer,Successful,0
PAY00188,E00188,2024-07-02,549,Card,Successful,0
PAY00189,E00189,2024-04-27,449,PayPal,Successful,0
PAY00190,E00190,2025-04-11,599,Bank Transfer,Successful,0
PAY00191,E00191,2024-10-15,599,Card,Successful,0
PAY00192,E00192,2024-08-23,599,Card,Successful,0
PAY00193,E00193,2024-05-15,599,PayPal,Successful,0
PAY00194,E00194,2024-10-16,499,Bank Transfer,Successful,0
PAY00195,E00195,2026-01-24,399,PayPal,Successful,0
PAY00196,E00196,2025-10-17,449,PayPal,Successful,0
PAY00197,E00197,2024-09-09,549,Bank Transfer,Successful,0
PAY00198,E00198,2024-11-11,549,Card,Successful,0
PAY00199,E00199,2024-04-03,399,Bank Transfer,Successful,0
PAY00200,E00200,2024-08-24,599,Bank Transfer,Successful,0
PAY00201,E00201,2024-04-18,549,PayPal,Successful,0
PAY00202,E00202,2024-09-29,549,PayPal,Successful,0
PAY00203,E00203,2024-06-05,549,Card,Successful,0
PAY00204,E00204,2025-02-21,549,Card,Successful,0
PAY00205,E00205,2024-05-05,399,Card,Failed,0
PAY00206,E00206,2024-03-03,399,Bank Transfer,Successful,0
PAY00207,E00207,2024-06-15,399,Bank Transfer,Successful,0
PAY00208,E00208,2025-12-26,449,Card,Successful,0
PAY00209,E00209,2024-11-28,549,Bank Transfer,Refunded,549
PAY00210,E00210,2024-07-23,599,Bank Transfer,Successful,0
PAY00211,E00211,2024-10-06,549,Bank Transfer,Successful,0
PAY00212,E00212,2025-03-03,399,Bank Transfer,Successful,0
PAY00213,E00213,2025-02-04,399,Card,Successful,0
PAY00214,E00214,2026-01-03,399,Card,Successful,0
PAY00215,E00215,2026-01-13,599,Bank Transfer,Successful,0
PAY00216,E00216,2024-12-11,549,PayPal,Successful,0
PAY00217,E00217,2024-02-18,449,PayPal,Successful,0
PAY00218,E00218,2024-02-16,499,Bank Transfer,Failed,0
PAY00219,E00219,2025-08-04,549,PayPal,Successful,0
PAY00220,E00220,2024-06-13,449,Card,Successful,0
PAY00221,E00221,2025-11-26,399,PayPal,Successful,0
PAY00222,E00222,2024-06-11,399,PayPal,Successful,0
PAY00223,E00223,2025-11-22,499,Bank Transfer,Successful,0
PAY00224,E00224,2026-01-14,399,PayPal,Successful,0
PAY00225,E00225,2025-10-25,399,Card,Successful,0
PAY00226,E00226,2024-08-07,499,PayPal,Successful,0
PAY00227,E00227,2025-07-29,499,PayPal,Successful,0
PAY00228,E00228,2025-03-01,449,Bank Transfer,Successful,0
PAY00229,E00229,2024-06-09,399,Bank Transfer,Successful,0
PAY00230,E00230,2024-08-18,399,Card,Successful,0
PAY00231,E00231,2024-09-09,599,PayPal,Successful,0
PAY00232,E00232,2025-08-25,399,Card,Successful,0
PAY00233,E00233,2025-02-21,549,PayPal,Successful,0
PAY00234,E00234,2024-08-15,549,Bank Transfer,Successful,0
PAY00235,E00235,2024-11-12,549,Card,Successful,0
PAY00236,E00236,2025-06-26,399,PayPal,Successful,0
PAY00237,E00237,2024-11-24,399,Bank Transfer,Successful,0
PAY00238,E00238,2024-11-04,399,Card,Successful,0
PAY00239,E00239,2025-03-15,599,PayPal,Successful,0
PAY00240,E00240,2024-10-15,449,PayPal,Successful,0
PAY00241,E00241,2025-10-30,499,Card,Successful,0
PAY00242,E00242,2024-09-13,499,Card,Successful,0
PAY00243,E00243,2025-08-28,499,Bank Transfer,Successful,0
PAY00244,E00244,2025-03-21,599,Bank Transfer,Successful,0
PAY00245,E00245,2024-08-17,599,PayPal,Successful,0
PAY00246,E00246,2024-08-19,449,PayPal,Successful,0
PAY00247,E00247,2024-12-16,549,Card,Successful,0
PAY00248,E00248,2024-11-16,599,Bank Transfer,Successful,0
PAY00249,E00249,2025-04-11,549,Card,Successful,0
PAY00250,E00250,2024-07-15,399,Card,Successful,0
PAY00251,E00251,2024-08-02,449,Bank Transfer,Successful,0
PAY00252,E00252,2025-12-23,499,Card,Successful,0
PAY00253,E00253,2025-06-09,399,Bank Transfer,Successful,0
PAY00254,E00254,2024-04-24,399,Bank Transfer,Successful,0
PAY00255,E00255,2024-12-23,599,PayPal,Successful,0
PAY00256,E00256,2026-01-26,549,PayPal,Successful,0
PAY00257,E00257,2025-09-22,499,Bank Transfer,Successful,0
PAY00258,E00258,2025-05-12,399,Card,Failed,0
PAY00259,E00259,2024-03-25,549,PayPal,Refunded,549
PAY00260,E00260,2024-04-16,599,PayPal,Successful,0
PAY00261,E00261,2025-04-20,549,Card,Successful,0
PAY00262,E00262,2024-03-05,599,Bank Transfer,Successful,0
PAY00263,E00263,2025-06-09,599,Card,Failed,0
PAY00264,E00264,2025-09-30,549,Card,Successful,0
PAY00265,E00265,2024-06-16,399,PayPal,Successful,0
PAY00266,E00266,2024-09-23,549,Card,Successful,0
PAY00267,E00267,2024-05-15,449,Bank Transfer,Successful,0
PAY00268,E00268,2025-09-01,549,PayPal,Successful,0
PAY00269,E00269,2024-06-08,549,Bank Transfer,Successful,0
PAY00270,E00270,2025-12-06,499,Bank Transfer,Successful,0
PAY00271,E00271,2025-02-04,549,Bank Transfer,Refunded,549
PAY00272,E00272,2025-05-03,399,Bank Transfer,Successful,0
PAY00273,E00273,2024-08-23,599,Card,Successful,0
PAY00274,E00274,2024-03-23,499,PayPal,Successful,0
PAY00275,E00275,2024-11-08,449,Card,Failed,0
PAY00276,E00276,2025-10-14,449,PayPal,Successful,0
PAY00277,E00277,2024-10-06,449,PayPal,Successful,0
PAY00278,E00278,2025-01-23,449,PayPal,Successful,0
PAY00279,E00279,2025-07-27,449,Bank Transfer,Refunded,449
PAY00280,E00280,2025-06-19,399,Bank Transfer,Failed,0
PAY00281,E00281,2026-01-03,399,PayPal,Successful,0
PAY00282,E00282,2025-06-10,399,PayPal,Successful,0
PAY00283,E00283,2024-10-23,499,Bank Transfer,Successful,0
PAY00284,E00284,2024-06-12,499,Card,Successful,0
PAY00285,E00285,2025-04-13,399,Bank Transfer,Refunded,399
PAY00286,E00286,2026-01-14,499,Card,Successful,0
PAY00287,E00287,2024-11-17,449,Bank Transfer,Successful,0
PAY00288,E00288,2024-03-20,399,PayPal,Successful,0
PAY00289,E00289,2025-05-30,399,Bank Transfer,Successful,0
PAY00290,E00290,2024-10-30,449,PayPal,Successful,0
PAY00291,E00291,2025-05-19,549,Bank Transfer,Successful,0
PAY00292,E00292,2025-01-01,499,Bank Transfer,Failed,0
PAY00293,E00293,2025-09-01,399,Card,Refunded,399
PAY00294,E00294,2025-11-19,549,Bank Transfer,Successful,0
PAY00295,E00295,2025-08-04,549,Bank Transfer,Successful,0
PAY00296,E00296,2024-12-30,499,PayPal,Successful,0
PAY00297,E00297,2025-04-08,499,PayPal,Successful,0
PAY00298,E00298,2025-02-09,499,Card,Successful,0
PAY00299,E00299,2025-04-16,449,Bank Transfer,Successful,0
PAY00300,E00300,2025-03-07,449,Card,Successful,0
PAY00301,E00301,2024-05-24,599,Card,Successful,0
PAY00302,E00302,2025-11-18,599,Card,Successful,0
PAY00303,E00303,2025-11-29,449,Bank Transfer,Successful,0
PAY00304,E00304,2024-03-29,499,PayPal,Successful,0
PAY00305,E00305,2024-11-28,549,Bank Transfer,Successful,0
PAY00306,E00306,2025-03-12,599,PayPal,Successful,0
PAY00307,E00307,2024-01-17,449,Bank Transfer,Successful,0
PAY00308,E00308,2024-04-15,599,PayPal,Successful,0
PAY00309,E00309,2024-03-27,549,Bank Transfer,Refunded,549
PAY00310,E00310,2024-12-29,549,PayPal,Failed,0
PAY00311,E00311,2024-09-01,549,Bank Transfer,Successful,0
PAY00312,E00312,2025-03-29,499,Card,Failed,0
PAY00313,E00313,2026-01-01,499,Card,Failed,0
PAY00314,E00314,2025-05-10,399,Card,Successful,0
PAY00315,E00315,2024-06-19,549,Card,Successful,0
PAY00316,E00316,2024-01-17,449,Card,Successful,0
PAY00317,E00317,2024-07-29,599,Bank Transfer,Successful,0
PAY00318,E00318,2025-04-28,549,Bank Transfer,Successful,0
PAY00319,E00319,2024-06-25,599,Bank Transfer,Successful,0
PAY00320,E00320,2024-02-24,599,Card,Successful,0
PAY00321,E00321,2025-12-23,499,Card,Successful,0
PAY00322,E00322,2025-10-27,399,Card,Successful,0
PAY00323,E00323,2025-06-17,449,Bank Transfer,Successful,0
PAY00324,E00324,2024-07-27,549,Bank Transfer,Successful,0
PAY00325,E00325,2024-12-14,499,Bank Transfer,Successful,0
PAY00326,E00326,2025-07-13,449,PayPal,Successful,0
PAY00327,E00327,2025-02-26,599,PayPal,Successful,0
PAY00328,E00328,2025-05-02,499,Bank Transfer,Successful,0
PAY00329,E00329,2024-05-09,399,Bank Transfer,Refunded,399
PAY00330,E00330,2025-06-12,549,Card,Successful,0
PAY00331,E00331,2025-09-30,449,Bank Transfer,Successful,0
PAY00332,E00332,2025-09-27,399,Card,Successful,0
PAY00333,E00333,2025-01-03,499,Card,Failed,0
PAY00334,E00334,2025-12-04,549,Bank Transfer,Successful,0
PAY00335,E00335,2025-08-23,399,PayPal,Successful,0
PAY00336,E00336,2025-04-19,599,PayPal,Successful,0
PAY00337,E00337,2025-09-04,399,Card,Successful,0
PAY00338,E00338,2025-07-29,599,Card,Successful,0
PAY00339,E00339,2025-02-21,449,Bank Transfer,Successful,0
PAY00340,E00340,2024-11-29,549,PayPal,Successful,0
PAY00341,E00341,2025-08-18,449,Card,Successful,0
PAY00342,E00342,2025-05-12,599,Card,Successful,0
PAY00343,E00343,2025-09-18,599,Card,Failed,0
PAY00344,E00344,2024-07-07,549,Card,Successful,0
PAY00345,E00345,2025-09-15,399,PayPal,Successful,0
PAY00346,E00346,2025-12-28,499,Bank Transfer,Successful,0
PAY00347,E00347,2024-11-06,449,Card,Failed,0
PAY00348,E00348,2024-10-05,549,Bank Transfer,Failed,0
PAY00349,E00349,2025-08-04,599,Card,Successful,0
PAY00350,E00350,2024-05-04,499,PayPal,Successful,0
PAY00351,E00351,2024-06-11,399,Card,Successful,0
PAY00352,E00352,2025-01-18,549,PayPal,Refunded,549
PAY00353,E00353,2025-09-22,549,Bank Transfer,Successful,0
PAY00354,E00354,2025-10-03,449,PayPal,Successful,0
PAY00355,E00355,2024-10-27,549,Bank Transfer,Successful,0
PAY00356,E00356,2025-03-06,549,PayPal,Successful,0
PAY00357,E00357,2025-02-12,399,PayPal,Successful,0
PAY00358,E00358,2024-01-27,499,Card,Successful,0
PAY00359,E00359,2025-04-03,599,Card,Successful,0
PAY00360,E00360,2024-06-30,599,PayPal,Successful,0
PAY00361,E00361,2024-11-21,449,Card,Successful,0
PAY00362,E00362,2025-07-03,399,Bank Transfer,Successful,0
PAY00363,E00363,2024-06-23,549,Card,Successful,0
PAY00364,E00364,2024-03-29,399,Bank Transfer,Refunded,399
PAY00365,E00365,2024-04-16,449,Card,Successful,0
PAY00366,E00366,2025-07-23,499,Bank Transfer,Successful,0
PAY00367,E00367,2025-09-28,549,Bank Transfer,Successful,0
PAY00368,E00368,2025-08-22,499,Bank Transfer,Successful,0
PAY00369,E00369,2025-02-06,599,Bank Transfer,Successful,0
PAY00370,E00370,2025-06-27,399,Card,Successful,0
PAY00371,E00371,2025-07-13,449,Bank Transfer,Successful,0
PAY00372,E00372,2024-03-13,499,Card,Successful,0
PAY00373,E00373,2025-08-04,599,Bank Transfer,Successful,0
PAY00374,E00374,2025-04-15,499,Bank Transfer,Successful,0
PAY00375,E00375,2024-08-06,549,PayPal,Successful,0
PAY00376,E00376,2025-07-08,549,Bank Transfer,Successful,0
PAY00377,E00377,2024-11-30,399,PayPal,Successful,0
PAY00378,E00378,2025-02-24,599,Card,Successful,0
PAY00379,E00379,2024-08-24,499,Card,Successful,0
PAY00380,E00380,2025-08-26,599,Card,Successful,0
PAY00381,E00381,2024-03-12,499,Bank Transfer,Successful,0
PAY00382,E00382,2025-02-10,499,Card,Refunded,499
PAY00383,E00383,2025-08-24,549,PayPal,Successful,0
PAY00384,E00384,2025-07-21,449,PayPal,Refunded,449
PAY00385,E00385,2025-09-16,499,Card,Successful,0
PAY00386,E00386,2025-05-29,549,PayPal,Successful,0
PAY00387,E00387,2024-07-28,399,Bank Transfer,Successful,0
PAY00388,E00388,2025-11-12,599,Card,Successful,0
PAY00389,E00389,2024-10-03,599,Card,Successful,0
PAY00390,E00390,2024-05-28,549,Bank Transfer,Refunded,549
PAY00391,E00391,2024-11-22,549,Bank Transfer,Successful,0
PAY00392,E00392,2024-11-23,549,Card,Successful,0
PAY00393,E00393,2025-07-13,399,Bank Transfer,Successful,0
PAY00394,E00394,2024-03-05,599,Bank Transfer,Successful,0
PAY00395,E00395,2025-10-27,449,Bank Transfer,Failed,0
PAY00396,E00396,2025-04-12,399,Bank Transfer,Successful,0
PAY00397,E00397,2024-05-11,599,Card,Successful,0
PAY00398,E00398,2024-04-15,599,Card,Failed,0
PAY00399,E00399,2025-04-20,599,Bank Transfer,Successful,0
PAY00400,E00400,2024-09-27,499,PayPal,Successful,0
PAY00401,E00401,2025-01-09,499,Bank Transfer,Successful,0
PAY00402,E00402,2024-12-15,549,Card,Successful,0
PAY00403,E00403,2025-07-13,549,PayPal,Successful,0
PAY00404,E00404,2024-02-02,499,Card,Successful,0
PAY00405,E00405,2025-09-15,599,PayPal,Successful,0
PAY00406,E00406,2024-12-20,449,Bank Transfer,Successful,0
PAY00407,E00407,2025-05-03,499,Card,Successful,0
PAY00408,E00408,2024-12-02,549,Card,Successful,0
PAY00409,E00409,2024-03-08,449,Bank Transfer,Successful,0
PAY00410,E00410,2025-07-11,549,Card,Successful,0
PAY00411,E00411,2024-09-23,549,PayPal,Successful,0
PAY00412,E00412,2025-04-30,599,PayPal,Successful,0
PAY00413,E00413,2025-06-20,549,Bank Transfer,Successful,0
PAY00414,E00414,2025-03-22,449,Bank Transfer,Successful,0
PAY00415,E00415,2025-12-03,499,PayPal,Refunded,499
PAY00416,E00416,2024-03-13,499,PayPal,Successful,0
PAY00417,E00417,2024-08-22,399,PayPal,Successful,0
PAY00418,E00418,2025-07-28,399,PayPal,Failed,0
PAY00419,E00419,2025-04-03,549,Card,Successful,0
PAY00420,E00420,2024-03-18,599,PayPal,Successful,0
PAY00421,E00421,2024-06-30,549,Bank Transfer,Refunded,549
PAY00422,E00422,2024-08-28,399,PayPal,Successful,0
PAY00423,E00423,2025-01-26,499,PayPal,Successful,0
PAY00424,E00424,2024-03-09,599,Bank Transfer,Successful,0
PAY00425,E00425,2025-06-16,599,Bank Transfer,Refunded,599
PAY00426,E00426,2025-05-17,449,Card,Successful,0
PAY00427,E00427,2024-07-26,599,PayPal,Successful,0
PAY00428,E00428,2025-05-31,399,PayPal,Failed,0
PAY00429,E00429,2024-08-04,449,PayPal,Successful,0
PAY00430,E00430,2025-04-14,449,Card,Successful,0
PAY00431,E00431,2024-09-02,599,PayPal,Successful,0
PAY00432,E00432,2024-11-27,549,Card,Successful,0
PAY00433,E00433,2025-03-24,549,Card,Successful,0
PAY00434,E00434,2024-11-10,399,PayPal,Successful,0
PAY00435,E00435,2024-11-06,599,PayPal,Successful,0
PAY00436,E00436,2024-05-05,599,Bank Transfer,Successful,0
PAY00437,E00437,2026-01-17,399,Bank Transfer,Successful,0
PAY00438,E00438,2024-02-15,449,Card,Successful,0
PAY00439,E00439,2024-07-07,599,Bank Transfer,Refunded,599
PAY00440,E00440,2025-12-31,599,PayPal,Successful,0
PAY00441,E00441,2025-03-08,449,PayPal,Successful,0
PAY00442,E00442,2025-04-29,499,Card,Successful,0
PAY00443,E00443,2024-02-13,399,PayPal,Successful,0
PAY00444,E00444,2024-09-20,499,PayPal,Successful,0
PAY00445,E00445,2024-04-24,499,Bank Transfer,Successful,0
PAY00446,E00446,2025-04-04,399,PayPal,Successful,0
PAY00447,E00447,2024-04-12,399,Bank Transfer,Successful,0
PAY00448,E00448,2025-07-20,499,PayPal,Successful,0
PAY00449,E00449,2024-01-11,399,Bank Transfer,Successful,0
PAY00450,E00450,2025-12-17,449,PayPal,Successful,0
PAY00451,E00451,2025-10-09,499,Card,Successful,0
PAY00452,E00452,2024-12-04,599,Card,Successful,0
PAY00453,E00453,2025-04-15,599,PayPal,Successful,0
PAY00454,E00454,2025-12-17,449,PayPal,Successful,0
PAY00455,E00455,2025-05-16,549,Bank Transfer,Successful,0
PAY00456,E00456,2024-09-07,549,Bank Transfer,Successful,0
PAY00457,E00457,2024-10-12,599,Card,Successful,0
PAY00458,E00458,2025-06-24,449,PayPal,Successful,0
PAY00459,E00459,2024-06-09,599,PayPal,Successful,0
PAY00460,E00460,2025-01-24,549,Card,Successful,0
PAY00461,E00461,2026-01-02,449,Bank Transfer,Successful,0
PAY00462,E00462,2024-11-01,549,Bank Transfer,Successful,0
PAY00463,E00463,2025-01-07,549,Bank Transfer,Successful,0
PAY00464,E00464,2025-09-30,499,PayPal,Successful,0
PAY00465,E00465,2024-03-29,549,Card,Successful,0
PAY00466,E00466,2025-01-10,449,Card,Successful,0
PAY00467,E00467,2025-05-30,599,PayPal,Successful,0
PAY00468,E00468,2025-09-27,399,Bank Transfer,Successful,0
PAY00469,E00469,2024-07-20,599,Card,Successful,0
PAY00470,E00470,2024-03-23,499,PayPal,Successful,0
PAY00471,E00471,2024-05-04,549,PayPal,Successful,0
PAY00472,E00472,2025-03-11,599,Bank Transfer,Failed,0
PAY00473,E00473,2024-06-10,449,Card,Successful,0
PAY00474,E00474,2024-02-22,449,PayPal,Successful,0
PAY00475,E00475,2025-04-03,549,PayPal,Successful,0
PAY00476,E00476,2024-05-20,599,Bank Transfer,Successful,0
PAY00477,E00477,2025-06-13,599,Bank Transfer,Successful,0
PAY00478,E00478,2024-08-08,549,Card,Successful,0
PAY00479,E00479,2025-06-03,599,Card,Successful,0
PAY00480,E00480,2024-08-24,399,Card,Successful,0
PAY00481,E00481,2025-09-26,449,PayPal,Successful,0
PAY00482,E00482,2025-08-09,549,PayPal,Successful,0
PAY00483,E00483,2026-01-20,499,PayPal,Successful,0
PAY00484,E00484,2024-03-20,499,Card,Refunded,499
PAY00485,E00485,2026-01-23,399,Card,Successful,0
PAY00486,E00486,2025-08-20,599,Bank Transfer,Successful,0
PAY00487,E00487,2024-05-07,599,Card,Successful,0
PAY00488,E00488,2024-05-03,599,Card,Successful,0
PAY00489,E00489,2024-12-04,549,Card,Successful,0
PAY00490,E00490,2024-08-07,549,Card,Successful,0
PAY00491,E00491,2024-10-08,499,Card,Successful,0
PAY00492,E00492,2025-08-12,599,PayPal,Successful,0
PAY00493,E00493,2024-12-10,499,Card,Successful,0
PAY00494,E00494,2024-03-13,449,PayPal,Successful,0
PAY00495,E00495,2025-01-08,449,PayPal,Successful,0
PAY00496,E00496,2024-12-14,599,Bank Transfer,Successful,0
PAY00497,E00497,2025-08-04,549,PayPal,Successful,0
PAY00498,E00498,2024-04-10,599,Card,Successful,0
PAY00499,E00499,2025-05-23,549,PayPal,Successful,0
PAY00500,E00500,2025-04-28,399,Bank Transfer,Successful,0
PAY00501,E00501,2025-06-13,599,Card,Successful,0
PAY00502,E00502,2024-11-03,449,Bank Transfer,Refunded,449
PAY00503,E00503,2024-10-21,499,Card,Successful,0
PAY00504,E00504,2025-02-27,549,PayPal,Successful,0
PAY00505,E00505,2025-06-27,399,Card,Successful,0
PAY00506,E00506,2024-02-26,499,PayPal,Successful,0
PAY00507,E00507,2025-09-27,549,PayPal,Successful,0
PAY00508,E00508,2025-12-22,399,PayPal,Successful,0
PAY00509,E00509,2024-02-10,549,PayPal,Successful,0
PAY00510,E00510,2024-06-23,599,PayPal,Successful,0
PAY00511,E00511,2024-07-06,449,Bank Transfer,Successful,0
PAY00512,E00512,2024-08-21,449,Card,Successful,0
PAY00513,E00513,2025-10-07,399,Bank Transfer,Successful,0
PAY00514,E00514,2024-07-19,449,Bank Transfer,Successful,0
PAY00515,E00515,2024-05-18,549,PayPal,Successful,0
PAY00516,E00516,2024-09-16,549,Card,Refunded,549
PAY00517,E00517,2024-03-24,449,Bank Transfer,Successful,0
PAY00518,E00518,2025-05-17,549,Card,Successful,0
PAY00519,E00519,2024-07-17,599,Card,Refunded,599
PAY00520,E00520,2025-10-20,599,Bank Transfer,Successful,0
PAY00521,E00521,2024-01-11,599,Bank Transfer,Successful,0
PAY00522,E00522,2025-01-19,449,Bank Transfer,Successful,0
PAY00523,E00523,2024-06-16,499,PayPal,Successful,0
PAY00524,E00524,2024-10-13,549,PayPal,Successful,0
PAY00525,E00525,2025-07-15,399,Bank Transfer,Successful,0
PAY00526,E00526,2024-06-20,499,Bank Transfer,Successful,0
PAY00527,E00527,2025-08-15,549,PayPal,Successful,0
PAY00528,E00528,2024-11-29,549,Card,Successful,0
PAY00529,E00529,2026-02-03,499,PayPal,Successful,0
PAY00530,E00530,2025-08-16,449,Bank Transfer,Successful,0
PAY00531,E00531,2025-03-18,549,PayPal,Successful,0
PAY00532,E00532,2025-02-27,549,Bank Transfer,Successful,0
PAY00533,E00533,2024-08-04,449,PayPal,Successful,0
PAY00534,E00534,2024-01-25,599,PayPal,Successful,0
PAY00535,E00535,2025-03-23,599,Bank Transfer,Successful,0
PAY00536,E00536,2024-04-15,399,Card,Successful,0
PAY00537,E00537,2025-09-06,599,Card,Successful,0
PAY00538,E00538,2025-01-01,549,Card,Successful,0
PAY00539,E00539,2025-12-11,549,Bank Transfer,Successful,0
PAY00540,E00540,2025-04-02,599,Card,Successful,0
PAY00541,E00541,2024-05-18,499,Bank Transfer,Successful,0
PAY00542,E00542,2024-05-25,549,Bank Transfer,Successful,0
PAY00543,E00543,2024-04-29,399,PayPal,Successful,0
PAY00544,E00544,2024-11-26,399,PayPal,Successful,0
PAY00545,E00545,2025-04-26,549,PayPal,Successful,0
PAY00546,E00546,2025-05-21,449,PayPal,Successful,0
PAY00547,E00547,2025-01-26,549,PayPal,Successful,0
PAY00548,E00548,2025-12-14,449,PayPal,Successful,0
PAY00549,E00549,2024-06-16,549,Card,Successful,0
PAY00550,E00550,2025-03-18,499,PayPal,Successful,0
PAY00551,E00551,2025-08-28,449,PayPal,Successful,0
PAY00552,E00552,2024-12-14,549,Bank Transfer,Successful,0
PAY00553,E00553,2024-06-03,549,Card,Refunded,549
PAY00554,E00554,2024-07-21,399,Card,Successful,0
PAY00555,E00555,2024-10-25,449,Card,Successful,0
PAY00556,E00556,2024-02-11,499,Card,Successful,0
PAY00557,E00557,2025-10-03,549,Bank Transfer,Successful,0
PAY00558,E00558,2025-09-10,399,Bank Transfer,Successful,0
PAY00559,E00559,2024-06-24,599,PayPal,Successful,0
PAY00560,E00560,2025-09-23,449,Card,Successful,0
PAY00561,E00561,2025-09-04,449,Card,Successful,0
PAY00562,E00562,2025-09-12,549,Card,Successful,0
PAY00563,E00563,2025-06-20,399,Card,Refunded,399
PAY00564,E00564,2025-04-12,449,PayPal,Successful,0
PAY00565,E00565,2025-10-30,549,PayPal,Successful,0
PAY00566,E00566,2025-01-16,549,PayPal,Successful,0
PAY00567,E00567,2025-10-24,399,PayPal,Successful,0
PAY00568,E00568,2024-08-18,549,Card,Successful,0
PAY00569,E00569,2025-09-22,399,Bank Transfer,Successful,0
PAY00570,E00570,2024-12-26,549,Bank Transfer,Successful,0
PAY00571,E00571,2024-07-03,449,Bank Transfer,Successful,0
PAY00572,E00572,2024-07-01,449,Bank Transfer,Successful,0
PAY00573,E00573,2025-01-03,499,PayPal,Successful,0
PAY00574,E00574,2024-12-28,599,PayPal,Successful,0
PAY00575,E00575,2025-08-12,549,Card,Refunded,549
PAY00576,E00576,2024-06-21,449,PayPal,Successful,0
PAY00577,E00577,2026-01-30,399,Bank Transfer,Successful,0
PAY00578,E00578,2025-08-17,499,Card,Successful,0
PAY00579,E00579,2024-05-02,449,Bank Transfer,Successful,0
PAY00580,E00580,2024-12-26,499,PayPal,Successful,0
PAY00581,E00581,2024-02-21,399,Card,Failed,0
PAY00582,E00582,2024-03-27,449,PayPal,Successful,0
PAY00583,E00583,2024-08-06,399,Card,Successful,0
PAY00584,E00584,2025-03-02,599,Card,Successful,0
PAY00585,E00585,2024-10-05,499,Card,Successful,0
PAY00586,E00586,2024-05-06,449,Card,Successful,0
PAY00587,E00587,2024-02-14,549,PayPal,Successful,0
PAY00588,E00588,2024-12-22,549,PayPal,Successful,0
PAY00589,E00589,2025-03-23,599,Card,Successful,0
PAY00590,E00590,2024-09-17,599,Bank Transfer,Successful,0
PAY00591,E00591,2025-02-13,449,Card,Successful,0
PAY00592,E00592,2024-10-30,549,Bank Transfer,Successful,0
PAY00593,E00593,2025-04-24,599,PayPal,Successful,0
PAY00594,E00594,2024-05-10,599,Card,Successful,0
PAY00595,E00595,2025-05-12,499,Card,Successful,0
PAY00596,E00596,2024-05-11,549,Card,Failed,0
PAY00597,E00597,2024-10-08,449,Card,Successful,0
PAY00598,E00598,2025-06-24,449,Bank Transfer,Successful,0
PAY00599,E00599,2024-09-28,599,PayPal,Successful,0
PAY00600,E00600,2025-08-01,399,PayPal,Successful,0
PAY00601,E00601,2024-12-06,399,PayPal,Successful,0
PAY00602,E00602,2025-01-17,399,Bank Transfer,Successful,0
PAY00603,E00603,2025-03-13,399,Card,Successful,0
PAY00604,E00604,2025-01-17,599,PayPal,Successful,0
PAY00605,E00605,2025-07-08,399,PayPal,Successful,0
PAY00606,E00606,2024-11-21,549,PayPal,Failed,0
PAY00607,E00607,2025-10-15,399,Bank Transfer,Successful,0
PAY00608,E00608,2024-07-26,449,Bank Transfer,Successful,0
PAY00609,E00609,2025-09-18,599,Card,Successful,0
PAY00610,E00610,2025-11-24,599,PayPal,Successful,0
PAY00611,E00611,2025-04-16,449,Card,Successful,0
PAY00612,E00612,2024-07-01,499,PayPal,Successful,0
PAY00613,E00613,2025-01-28,399,Bank Transfer,Successful,0
PAY00614,E00614,2024-03-24,549,PayPal,Successful,0
PAY00615,E00615,2025-11-06,449,PayPal,Successful,0
PAY00616,E00616,2025-02-06,499,Bank Transfer,Successful,0
PAY00617,E00617,2025-05-19,599,PayPal,Successful,0
PAY00618,E00618,2024-01-30,549,Bank Transfer,Successful,0
PAY00619,E00619,2025-08-09,599,Bank Transfer,Successful,0
PAY00620,E00620,2026-01-06,549,PayPal,Successful,0
PAY00621,E00621,2025-05-10,449,PayPal,Successful,0
PAY00622,E00622,2024-02-21,499,Card,Successful,0
PAY00623,E00623,2024-02-27,599,Card,Successful,0
PAY00624,E00624,2025-08-28,449,PayPal,Successful,0
PAY00625,E00625,2025-01-23,499,PayPal,Successful,0
PAY00626,E00626,2024-10-28,399,Card,Successful,0
PAY00627,E00627,2024-09-28,549,Bank Transfer,Successful,0
PAY00628,E00628,2025-02-17,449,Bank Transfer,Successful,0
PAY00629,E00629,2024-07-08,599,PayPal,Successful,0
PAY00630,E00630,2025-08-27,549,Bank Transfer,Successful,0
PAY00631,E00631,2024-07-26,549,Bank Transfer,Successful,0
PAY00632,E00632,2025-10-21,449,Card,Successful,0
PAY00633,E00633,2025-02-20,549,Card,Successful,0
PAY00634,E00634,2025-05-14,499,Card,Successful,0
PAY00635,E00635,2025-02-02,399,Bank Transfer,Successful,0
PAY00636,E00636,2024-12-05,599,Bank Transfer,Successful,0
PAY00637,E00637,2024-04-20,499,Card,Successful,0
PAY00638,E00638,2024-12-24,549,PayPal,Refunded,549
PAY00639,E00639,2024-06-13,449,PayPal,Successful,0
PAY00640,E00640,2025-04-24,449,Bank Transfer,Failed,0
PAY00641,E00641,2026-01-08,499,PayPal,Successful,0
PAY00642,E00642,2024-07-20,499,PayPal,Successful,0
PAY00643,E00643,2024-08-15,449,PayPal,Failed,0
PAY00644,E00644,2025-10-04,599,Card,Successful,0
PAY00645,E00645,2024-12-06,449,Bank Transfer,Successful,0
PAY00646,E00646,2025-11-24,549,Bank Transfer,Successful,0
PAY00647,E00647,2024-11-27,599,Card,Successful,0
PAY00648,E00648,2024-07-13,549,PayPal,Successful,0
PAY00649,E00649,2024-08-12,499,Bank Transfer,Successful,0
PAY00650,E00650,2025-07-20,599,PayPal,Successful,0
PAY00651,E00651,2025-06-09,399,Card,Successful,0
PAY00652,E00652,2024-05-17,549,PayPal,Successful,0
PAY00653,E00653,2025-06-18,549,PayPal,Successful,0
PAY00654,E00654,2025-09-02,399,Card,Successful,0
PAY00655,E00655,2025-02-08,399,Card,Successful,0
PAY00656,E00656,2024-09-18,499,PayPal,Refunded,499
PAY00657,E00657,2024-09-23,449,PayPal,Successful,0
PAY00658,E00658,2025-03-22,599,Bank Transfer,Successful,0
PAY00659,E00659,2025-01-14,499,Card,Refunded,499
PAY00660,E00660,2024-03-28,549,PayPal,Successful,0
PAY00661,E00661,2024-09-06,549,Bank Transfer,Successful,0
PAY00662,E00662,2025-08-09,449,Bank Transfer,Successful,0
PAY00663,E00663,2024-10-23,399,Card,Refunded,399
PAY00664,E00664,2025-08-27,499,PayPal,Successful,0
PAY00665,E00665,2025-08-21,549,Card,Successful,0
PAY00666,E00666,2025-05-18,549,PayPal,Failed,0
PAY00667,E00667,2024-10-20,449,Card,Successful,0
PAY00668,E00668,2025-08-31,399,Card,Refunded,399
PAY00669,E00669,2024-02-15,499,Card,Successful,0
PAY00670,E00670,2025-08-03,499,Bank Transfer,Successful,0
PAY00671,E00671,2025-11-01,549,Card,Successful,0
PAY00672,E00672,2025-10-25,549,PayPal,Successful,0
PAY00673,E00673,2025-01-18,549,Bank Transfer,Successful,0
PAY00674,E00674,2025-04-01,399,Card,Successful,0
PAY00675,E00675,2025-11-16,399,PayPal,Successful,0
PAY00676,E00676,2025-08-20,599,Card,Successful,0
PAY00677,E00677,2025-06-17,399,PayPal,Successful,0
PAY00678,E00678,2025-09-25,499,Bank Transfer,Successful,0
PAY00679,E00679,2025-02-03,399,Bank Transfer,Successful,0
PAY00680,E00680,2024-10-11,549,Card,Successful,0
PAY00681,E00681,2024-02-24,599,PayPal,Successful,0
PAY00682,E00682,2024-04-14,499,Card,Successful,0
PAY00683,E00683,2025-11-02,499,Bank Transfer,Successful,0
PAY00684,E00684,2025-01-07,499,Bank Transfer,Successful,0
PAY00685,E00685,2025-04-21,399,PayPal,Successful,0
PAY00686,E00686,2025-07-13,549,Card,Successful,0
PAY00687,E00687,2024-11-11,499,Bank Transfer,Refunded,499
PAY00688,E00688,2024-08-22,599,Bank Transfer,Successful,0
PAY00689,E00689,2025-10-27,449,Card,Successful,0
PAY00690,E00690,2025-10-28,549,Card,Successful,0
PAY00691,E00691,2024-05-23,599,Bank Transfer,Successful,0
PAY00692,E00692,2024-04-18,599,Card,Successful,0
PAY00693,E00693,2025-04-02,599,Card,Failed,0
PAY00694,E00694,2026-01-27,449,PayPal,Successful,0
PAY00695,E00695,2025-11-28,499,Card,Successful,0
PAY00696,E00696,2024-04-19,399,Card,Successful,0
PAY00697,E00697,2024-02-13,499,Bank Transfer,Successful,0
PAY00698,E00698,2025-03-09,549,Bank Transfer,Successful,0
PAY00699,E00699,2025-11-20,549,Card,Successful,0
PAY00700,E00700,2024-05-22,499,PayPal,Successful,0
PAY00701,E00701,2024-05-11,599,Card,Successful,0
PAY00702,E00702,2025-01-09,549,Card,Successful,0
PAY00703,E00703,2025-10-18,499,Bank Transfer,Successful,0
PAY00704,E00704,2025-12-23,549,PayPal,Successful,0
PAY00705,E00705,2024-03-15,499,Bank Transfer,Successful,0
PAY00706,E00706,2024-09-08,449,PayPal,Successful,0
PAY00707,E00707,2024-12-10,599,Card,Successful,0
PAY00708,E00708,2024-02-28,599,PayPal,Successful,0
PAY00709,E00709,2026-01-06,499,Bank Transfer,Refunded,499
PAY00710,E00710,2025-06-14,449,PayPal,Successful,0
PAY00711,E00711,2025-08-16,599,Bank Transfer,Successful,0
PAY00712,E00712,2024-09-05,499,PayPal,Successful,0
PAY00713,E00713,2024-06-26,449,Bank Transfer,Successful,0
PAY00714,E00714,2025-08-04,449,Bank Transfer,Successful,0
PAY00715,E00715,2024-06-20,399,PayPal,Successful,0
PAY00716,E00716,2025-07-18,499,Bank Transfer,Successful,0
PAY00717,E00717,2025-07-18,499,Card,Successful,0
PAY00718,E00718,2025-12-25,599,PayPal,Successful,0
PAY00719,E00719,2024-08-10,599,Bank Transfer,Successful,0
PAY00720,E00720,2025-12-20,549,PayPal,Successful,0
PAY00721,E00721,2024-10-18,449,Bank Transfer,Successful,0
PAY00722,E00722,2024-11-24,599,Bank Transfer,Successful,0
PAY00723,E00723,2024-05-12,399,PayPal,Successful,0
PAY00724,E00724,2025-04-30,399,PayPal,Successful,0
PAY00725,E00725,2024-07-12,599,Card,Successful,0
PAY00726,E00726,2024-06-05,549,PayPal,Refunded,549
PAY00727,E00727,2025-05-04,499,PayPal,Successful,0
PAY00728,E00728,2025-03-06,499,Bank Transfer,Failed,0
PAY00729,E00729,2025-02-08,499,Bank Transfer,Successful,0
PAY00730,E00730,2024-12-19,399,PayPal,Refunded,399
PAY00731,E00731,2025-01-22,599,PayPal,Successful,0
PAY00732,E00732,2025-04-22,449,Bank Transfer,Successful,0
PAY00733,E00733,2025-05-03,399,Card,Successful,0
PAY00734,E00734,2024-10-09,399,Bank Transfer,Successful,0
PAY00735,E00735,2025-08-30,549,PayPal,Failed,0
PAY00736,E00736,2025-01-09,549,PayPal,Successful,0
PAY00737,E00737,2024-05-17,449,Card,Successful,0
PAY00738,E00738,2024-11-24,449,PayPal,Refunded,449
PAY00739,E00739,2024-11-06,449,Card,Successful,0
PAY00740,E00740,2025-09-02,399,Card,Failed,0
PAY00741,E00741,2025-04-14,449,Card,Successful,0
PAY00742,E00742,2025-11-14,399,Card,Successful,0
PAY00743,E00743,2024-03-20,449,PayPal,Successful,0
PAY00744,E00744,2024-10-10,599,PayPal,Successful,0
PAY00745,E00745,2025-03-07,549,Card,Successful,0
PAY00746,E00746,2024-06-11,549,PayPal,Successful,0
PAY00747,E00747,2024-03-28,499,Bank Transfer,Successful,0
PAY00748,E00748,2025-03-04,599,PayPal,Successful,0
PAY00749,E00749,2025-03-23,549,PayPal,Successful,0
PAY00750,E00750,2025-09-30,549,PayPal,Successful,0
PAY00751,E00751,2025-05-30,549,PayPal,Successful,0
PAY00752,E00752,2025-03-15,449,Card,Refunded,449
PAY00753,E00753,2025-10-30,499,Bank Transfer,Successful,0
PAY00754,E00754,2025-10-30,449,Card,Successful,0
PAY00755,E00755,2024-06-13,599,PayPal,Successful,0
PAY00756,E00756,2025-01-07,599,Card,Successful,0
PAY00757,E00757,2024-05-05,449,Bank Transfer,Successful,0
PAY00758,E00758,2025-10-03,449,PayPal,Successful,0
PAY00759,E00759,2025-10-06,599,Bank Transfer,Successful,0
PAY00760,E00760,2025-11-19,599,Card,Successful,0
PAY00761,E00761,2024-07-23,499,Card,Successful,0
PAY00762,E00762,2025-06-04,499,Bank Transfer,Successful,0
PAY00763,E00763,2024-02-26,399,Bank Transfer,Successful,0
PAY00764,E00764,2024-07-08,449,Card,Successful,0
PAY00765,E00765,2024-08-10,449,Bank Transfer,Successful,0
PAY00766,E00766,2024-07-08,499,PayPal,Successful,0
PAY00767,E00767,2024-08-24,549,PayPal,Successful,0
PAY00768,E00768,2024-07-30,599,Card,Successful,0
PAY00769,E00769,2024-03-12,599,PayPal,Successful,0
PAY00770,E00770,2024-04-13,549,PayPal,Successful,0
PAY00771,E00771,2024-05-23,399,Card,Successful,0
PAY00772,E00772,2025-07-25,549,Card,Successful,0
PAY00773,E00773,2024-02-16,449,PayPal,Successful,0
PAY00774,E00774,2025-03-03,599,Bank Transfer,Successful,0
PAY00775,E00775,2024-04-02,549,PayPal,Successful,0
PAY00776,E00776,2024-12-12,599,PayPal,Successful,0
PAY00777,E00777,2025-12-23,449,Bank Transfer,Successful,0
PAY00778,E00778,2025-04-14,449,Card,Refunded,449
PAY00779,E00779,2025-06-14,399,PayPal,Successful,0
PAY00780,E00780,2025-06-07,499,PayPal,Successful,0
PAY00781,E00781,2025-09-21,449,Card,Successful,0
PAY00782,E00782,2025-08-23,399,PayPal,Successful,0
PAY00783,E00783,2024-01-18,399,Card,Successful,0
PAY00784,E00784,2025-10-08,399,Bank Transfer,Successful,0
PAY00785,E00785,2024-09-03,499,PayPal,Successful,0
PAY00786,E00786,2025-11-01,549,Bank Transfer,Successful,0
PAY00787,E00787,2024-07-03,599,PayPal,Successful,0
PAY00788,E00788,2024-08-10,549,PayPal,Successful,0
PAY00789,E00789,2025-08-27,599,Bank Transfer,Successful,0
PAY00790,E00790,2024-03-07,549,Card,Successful,0
PAY00791,E00791,2024-06-22,399,Card,Successful,0
PAY00792,E00792,2025-03-16,399,Card,Successful,0
PAY00793,E00793,2024-10-29,399,PayPal,Successful,0
PAY00794,E00794,2024-12-15,599,PayPal,Successful,0
PAY00795,E00795,2025-04-18,599,Bank Transfer,Successful,0
PAY00796,E00796,2024-12-29,399,PayPal,Successful,0
PAY00797,E00797,2024-07-31,549,Card,Refunded,549
PAY00798,E00798,2025-07-23,549,Bank Transfer,Successful,0
PAY00799,E00799,2025-02-10,599,PayPal,Successful,0
PAY00800,E00800,2025-02-12,549,Bank Transfer,Successful,0
PAY00801,E00801,2025-07-31,599,PayPal,Successful,0
PAY00802,E00802,2024-04-23,499,Card,Successful,0
PAY00803,E00803,2025-01-16,599,Bank Transfer,Successful,0
PAY00804,E00804,2024-06-30,499,PayPal,Refunded,499
PAY00805,E00805,2024-01-24,399,PayPal,Successful,0
PAY00806,E00806,2025-05-18,399,Bank Transfer,Refunded,399
PAY00807,E00807,2025-01-07,499,Card,Successful,0
PAY00808,E00808,2025-12-16,599,Bank Transfer,Successful,0
PAY00809,E00809,2025-07-28,549,Bank Transfer,Successful,0
PAY00810,E00810,2025-07-04,449,Bank Transfer,Successful,0
PAY00811,E00811,2024-07-31,549,PayPal,Successful,0
PAY00812,E00812,2024-09-01,599,Bank Transfer,Successful,0
PAY00813,E00813,2024-03-13,449,Bank Transfer,Successful,0
PAY00814,E00814,2024-06-26,599,Card,Successful,0
PAY00815,E00815,2024-02-09,399,Card,Successful,0
PAY00816,E00816,2025-03-21,599,PayPal,Successful,0
PAY00817,E00817,2025-08-02,399,Bank Transfer,Successful,0
PAY00818,E00818,2025-10-22,499,PayPal,Successful,0
PAY00819,E00819,2024-05-11,499,Bank Transfer,Successful,0
PAY00820,E00820,2025-04-08,499,PayPal,Successful,0
PAY00821,E00821,2026-01-12,399,Card,Successful,0
PAY00822,E00822,2025-06-18,399,Bank Transfer,Successful,0
PAY00823,E00823,2024-05-08,399,Card,Successful,0
PAY00824,E00824,2025-03-21,399,PayPal,Successful,0
PAY00825,E00825,2025-07-09,599,PayPal,Failed,0
PAY00826,E00826,2026-01-08,549,PayPal,Successful,0
PAY00827,E00827,2024-06-10,499,Card,Successful,0
PAY00828,E00828,2025-12-04,599,Card,Successful,0
PAY00829,E00829,2025-12-22,449,PayPal,Successful,0
PAY00830,E00830,2024-11-19,399,Bank Transfer,Successful,0
PAY00831,E00831,2026-01-12,499,PayPal,Successful,0
PAY00832,E00832,2024-09-09,449,PayPal,Successful,0
PAY00833,E00833,2025-05-19,599,PayPal,Successful,0
PAY00834,E00834,2025-06-22,449,Card,Refunded,449
PAY00835,E00835,2024-03-12,549,Bank Transfer,Successful,0
PAY00836,E00836,2025-03-31,449,Card,Successful,0
PAY00837,E00837,2025-05-29,599,PayPal,Successful,0
PAY00838,E00838,2025-08-24,549,Card,Successful,0
PAY00839,E00839,2024-04-06,399,Card,Successful,0
PAY00840,E00840,2024-10-26,599,Bank Transfer,Successful,0
PAY00841,E00841,2024-08-08,549,Card,Successful,0
PAY00842,E00842,2024-11-02,549,Bank Transfer,Successful,0
PAY00843,E00843,2024-12-16,399,Card,Successful,0
PAY00844,E00844,2024-11-21,449,PayPal,Successful,0
PAY00845,E00845,2025-11-11,549,Card,Failed,0
PAY00846,E00846,2025-01-07,549,PayPal,Successful,0
PAY00847,E00847,2025-02-03,599,Card,Successful,0
PAY00848,E00848,2024-01-29,599,Bank Transfer,Successful,0
PAY00849,E00849,2024-03-28,449,PayPal,Successful,0
PAY00850,E00850,2024-02-21,549,Card,Successful,0
PAY00851,E00851,2024-05-08,399,Bank Transfer,Failed,0
PAY00852,E00852,2024-10-14,449,Bank Transfer,Successful,0
PAY00853,E00853,2025-11-03,399,PayPal,Successful,0
PAY00854,E00854,2024-06-20,499,Bank Transfer,Successful,0
PAY00855,E00855,2024-11-26,449,PayPal,Successful,0
PAY00856,E00856,2025-03-28,499,Card,Successful,0
PAY00857,E00857,2024-10-29,549,Card,Successful,0
PAY00858,E00858,2025-09-11,449,Bank Transfer,Successful,0
PAY00859,E00859,2024-09-15,549,PayPal,Successful,0
PAY00860,E00860,2025-01-07,449,PayPal,Successful,0
PAY00861,E00861,2025-04-26,599,Bank Transfer,Successful,0
PAY00862,E00862,2024-06-27,499,Bank Transfer,Successful,0
PAY00863,E00863,2024-04-26,449,PayPal,Successful,0
PAY00864,E00864,2025-08-11,499,Bank Transfer,Successful,0
PAY00865,E00865,2025-03-15,549,Bank Transfer,Successful,0
PAY00866,E00866,2025-12-21,399,Bank Transfer,Successful,0
PAY00867,E00867,2024-10-21,399,PayPal,Refunded,399
PAY00868,E00868,2024-02-19,549,PayPal,Successful,0
PAY00869,E00869,2024-04-28,399,Card,Successful,0
PAY00870,E00870,2024-11-25,449,Card,Successful,0
PAY00871,E00871,2024-10-10,599,Card,Successful,0
PAY00872,E00872,2024-03-24,499,Card,Successful,0
PAY00873,E00873,2024-05-10,449,Bank Transfer,Successful,0
PAY00874,E00874,2024-07-07,549,Card,Successful,0
PAY00875,E00875,2024-02-29,449,PayPal,Successful,0
PAY00876,E00876,2025-01-13,449,PayPal,Successful,0
PAY00877,E00877,2025-01-20,449,Card,Successful,0
PAY00878,E00878,2025-11-18,449,Card,Successful,0
PAY00879,E00879,2025-03-18,599,PayPal,Successful,0
PAY00880,E00880,2025-09-06,399,Bank Transfer,Successful,0
PAY00881,E00881,2025-08-02,399,Bank Transfer,Successful,0
PAY00882,E00882,2024-03-31,549,PayPal,Successful,0
PAY00883,E00883,2025-09-30,399,PayPal,Successful,0
PAY00884,E00884,2024-05-03,499,PayPal,Successful,0
PAY00885,E00885,2025-01-07,449,Bank Transfer,Successful,0
PAY00886,E00886,2025-01-11,599,Card,Successful,0
PAY00887,E00887,2025-10-14,449,PayPal,Successful,0
PAY00888,E00888,2024-10-09,499,PayPal,Successful,0
PAY00889,E00889,2025-09-24,549,Card,Successful,0
PAY00890,E00890,2025-02-17,499,Bank Transfer,Failed,0
PAY00891,E00891,2025-04-26,499,Card,Successful,0
PAY00892,E00892,2024-10-17,399,PayPal,Successful,0
PAY00893,E00893,2025-08-17,399,Bank Transfer,Successful,0
PAY00894,E00894,2024-08-04,449,PayPal,Successful,0
PAY00895,E00895,2024-02-17,399,PayPal,Successful,0
PAY00896,E00896,2024-11-05,549,Bank Transfer,Successful,0
PAY00897,E00897,2024-10-28,499,Bank Transfer,Refunded,499
PAY00898,E00898,2024-06-14,399,Bank Transfer,Successful,0
PAY00899,E00899,2024-12-09,399,PayPal,Successful,0
PAY00900,E00900,2025-10-20,399,Card,Successful,0
PAY00901,E00901,2025-09-16,449,Card,Refunded,449
PAY00902,E00902,2024-11-10,499,Card,Successful,0
PAY00903,E00903,2025-07-01,399,Bank Transfer,Successful,0
PAY00904,E00904,2024-01-26,549,Bank Transfer,Successful,0
PAY00905,E00905,2024-05-13,449,Card,Successful,0
PAY00906,E00906,2025-07-18,499,PayPal,Successful,0
PAY00907,E00907,2025-11-10,599,Card,Successful,0
PAY00908,E00908,2024-02-06,599,PayPal,Successful,0
PAY00909,E00909,2025-06-20,449,Bank Transfer,Successful,0
PAY00910,E00910,2025-06-16,449,PayPal,Successful,0
PAY00911,E00911,2024-03-17,449,Card,Successful,0
PAY00912,E00912,2025-02-13,549,Bank Transfer,Successful,0
PAY00913,E00913,2024-07-30,499,PayPal,Successful,0
PAY00914,E00914,2024-03-21,599,Card,Successful,0
PAY00915,E00915,2024-10-21,449,Bank Transfer,Successful,0
PAY00916,E00916,2025-04-08,549,Card,Refunded,549
PAY00917,E00917,2025-08-24,549,Card,Successful,0
PAY00918,E00918,2025-03-03,449,Card,Successful,0
PAY00919,E00919,2024-12-21,399,Card,Successful,0
PAY00920,E00920,2024-03-19,449,Card,Successful,0
PAY00921,E00921,2025-10-18,399,Card,Successful,0
PAY00922,E00922,2025-01-04,599,PayPal,Successful,0
PAY00923,E00923,2025-12-10,499,Card,Successful,0
PAY00924,E00924,2024-11-05,449,Card,Successful,0
PAY00925,E00925,2024-04-27,399,Bank Transfer,Successful,0
PAY00926,E00926,2024-10-05,549,PayPal,Successful,0
PAY00927,E00927,2025-08-28,599,PayPal,Successful,0
PAY00928,E00928,2024-03-22,549,Bank Transfer,Refunded,549
PAY00929,E00929,2024-03-29,449,Card,Successful,0
PAY00930,E00930,2024-07-21,549,Card,Successful,0
PAY00931,E00931,2024-07-31,549,Bank Transfer,Successful,0
PAY00932,E00932,2024-08-03,599,Bank Transfer,Successful,0
PAY00933,E00933,2025-04-18,599,Card,Failed,0
PAY00934,E00934,2025-04-12,599,PayPal,Successful,0
PAY00935,E00935,2024-09-29,499,PayPal,Successful,0
PAY00936,E00936,2025-01-30,549,Bank Transfer,Successful,0
PAY00937,E00937,2024-07-02,599,Bank Transfer,Failed,0
PAY00938,E00938,2025-01-28,549,PayPal,Successful,0
PAY00939,E00939,2024-05-26,399,Bank Transfer,Successful,0
PAY00940,E00940,2025-08-19,499,PayPal,Refunded,499
PAY00941,E00941,2024-01-31,449,Card,Successful,0
PAY00942,E00942,2024-09-14,549,Card,Successful,0
PAY00943,E00943,2025-10-28,399,Card,Successful,0
PAY00944,E00944,2024-11-10,599,Bank Transfer,Successful,0
PAY00945,E00945,2025-02-04,449,PayPal,Successful,0
PAY00946,E00946,2024-02-26,399,Card,Successful,0
PAY00947,E00947,2025-01-22,549,PayPal,Successful,0
PAY00948,E00948,2025-07-14,549,Card,Successful,0
PAY00949,E00949,2025-03-14,449,PayPal,Successful,0
PAY00950,E00950,2024-07-17,499,Card,Successful,0
PAY00951,E00951,2025-05-23,599,PayPal,Successful,0
PAY00952,E00952,2025-10-31,449,Card,Refunded,449
PAY00953,E00953,2025-07-05,399,Card,Successful,0
PAY00954,E00954,2025-11-16,399,Bank Transfer,Successful,0
PAY00955,E00955,2024-08-25,499,Bank Transfer,Successful,0
PAY00956,E00956,2024-11-28,399,PayPal,Successful,0
PAY00957,E00957,2024-10-11,399,Bank Transfer,Successful,0
PAY00958,E00958,2025-11-28,549,PayPal,Failed,0
PAY00959,E00959,2024-10-20,599,Card,Successful,0
PAY00960,E00960,2024-05-31,599,Bank Transfer,Successful,0
PAY00961,E00961,2025-10-19,499,Card,Successful,0
PAY00962,E00962,2025-01-21,499,Card,Successful,0
PAY00963,E00963,2024-07-15,399,PayPal,Successful,0
PAY00964,E00964,2024-03-06,499,Bank Transfer,Successful,0
PAY00965,E00965,2025-06-13,499,Bank Transfer,Successful,0
PAY00966,E00966,2025-09-09,499,Card,Failed,0
PAY00967,E00967,2024-02-06,399,Card,Successful,0
PAY00968,E00968,2025-09-22,449,PayPal,Successful,0
PAY00969,E00969,2024-07-16,549,Bank Transfer,Successful,0
PAY00970,E00970,2025-08-05,549,PayPal,Successful,0
PAY00971,E00971,2024-11-26,549,Bank Transfer,Successful,0
PAY00972,E00972,2025-03-11,599,Bank Transfer,Successful,0
PAY00973,E00973,2024-01-29,599,Card,Successful,0
PAY00974,E00974,2025-10-22,599,Bank Transfer,Successful,0
PAY00975,E00975,2025-02-10,599,Bank Transfer,Successful,0
PAY00976,E00976,2024-07-11,549,PayPal,Successful,0
PAY00977,E00977,2025-12-18,399,Card,Successful,0
PAY00978,E00978,2025-12-25,449,Bank Transfer,Successful,0
PAY00979,E00979,2024-02-15,549,PayPal,Successful,0
PAY00980,E00980,2025-09-28,549,Bank Transfer,Successful,0
PAY00981,E00981,2024-01-22,399,Bank Transfer,Successful,0
PAY00982,E00982,2025-12-17,449,PayPal,Successful,0
PAY00983,E00983,2024-11-15,399,Bank Transfer,Successful,0
PAY00984,E00984,2026-01-04,399,PayPal,Successful,0
PAY00985,E00985,2025-04-04,599,PayPal,Successful,0
PAY00986,E00986,2024-03-23,549,PayPal,Successful,0
PAY00987,E00987,2025-06-09,549,PayPal,Successful,0
PAY00988,E00988,2025-05-05,599,Card,Successful,0
PAY00989,E00989,2024-06-24,599,PayPal,Refunded,599
PAY00990,E00990,2025-07-07,399,Bank Transfer,Successful,0
PAY00991,E00991,2024-07-05,449,PayPal,Successful,0
PAY00992,E00992,2025-08-24,399,Bank Transfer,Successful,0
PAY00993,E00993,2024-05-10,549,Card,Successful,0
PAY00994,E00994,2025-01-17,549,Card,Successful,0
PAY00995,E00995,2025-11-11,449,PayPal,Successful,0
PAY00996,E00996,2024-07-19,399,Card,Successful,0
PAY00997,E00997,2025-07-03,399,Bank Transfer,Successful,0
PAY00998,E00998,2024-04-06,449,Card,Successful,0
PAY00999,E00999,2024-12-15,599,Card,Successful,0
PAY01000,E01000,2025-03-25,599,Bank Transfer,Successful,0
PAY01001,E01001,2025-01-29,399,PayPal,Successful,0
PAY01002,E01002,2026-01-01,599,Card,Successful,0
PAY01003,E01003,2025-09-29,399,Card,Successful,0
PAY01004,E01004,2024-06-06,399,Card,Successful,0
PAY01005,E01005,2024-04-24,599,PayPal,Failed,0
PAY01006,E01006,2026-02-08,599,PayPal,Successful,0
PAY01007,E01007,2024-08-04,449,Card,Successful,0
PAY01008,E01008,2024-03-18,449,PayPal,Successful,0
PAY01009,E01009,2024-09-13,449,PayPal,Failed,0
PAY01010,E01010,2025-05-09,549,PayPal,Refunded,549
PAY01011,E01011,2025-01-19,399,Bank Transfer,Successful,0
PAY01012,E01012,2024-06-28,399,Card,Refunded,399
PAY01013,E01013,2024-06-21,549,Bank Transfer,Successful,0
PAY01014,E01014,2024-10-04,449,Bank Transfer,Successful,0
PAY01015,E01015,2025-08-21,599,Bank Transfer,Successful,0
PAY01016,E01016,2024-01-23,599,Bank Transfer,Successful,0
PAY01017,E01017,2025-05-24,499,Bank Transfer,Successful,0
PAY01018,E01018,2025-02-06,399,Card,Failed,0
PAY01019,E01019,2024-05-29,499,PayPal,Successful,0
PAY01020,E01020,2024-02-10,449,Bank Transfer,Successful,0
PAY01021,E01021,2024-05-11,449,PayPal,Successful,0
PAY01022,E01022,2025-03-14,499,Card,Successful,0
PAY01023,E01023,2025-10-24,549,Bank Transfer,Successful,0
PAY01024,E01024,2024-02-21,599,PayPal,Successful,0
PAY01025,E01025,2025-11-06,499,PayPal,Successful,0
PAY01026,E01026,2024-06-12,599,PayPal,Successful,0
PAY01027,E01027,2024-10-09,499,PayPal,Successful,0
PAY01028,E01028,2025-07-30,549,Card,Successful,0
PAY01029,E01029,2024-06-20,549,Bank Transfer,Successful,0
PAY01030,E01030,2024-03-15,399,PayPal,Successful,0
PAY01031,E01031,2025-07-16,399,PayPal,Successful,0
PAY01032,E01032,2025-09-19,399,PayPal,Successful,0
PAY01033,E01033,2025-10-05,399,Bank Transfer,Successful,0
PAY01034,E01034,2025-08-19,399,PayPal,Successful,0
PAY01035,E01035,2025-10-03,549,PayPal,Successful,0
PAY01036,E01036,2024-06-25,549,PayPal,Refunded,549
PAY01037,E01037,2025-07-23,399,PayPal,Successful,0
PAY01038,E01038,2025-01-19,449,Card,Successful,0
PAY01039,E01039,2024-12-08,549,Bank Transfer,Successful,0
PAY01040,E01040,2024-05-11,499,Bank Transfer,Failed,0
PAY01041,E01041,2024-06-05,449,PayPal,Successful,0
PAY01042,E01042,2024-01-24,599,PayPal,Successful,0
PAY01043,E01043,2024-12-08,449,Bank Transfer,Successful,0
PAY01044,E01044,2025-04-07,599,PayPal,Successful,0
PAY01045,E01045,2025-11-02,549,PayPal,Successful,0
PAY01046,E01046,2024-11-01,549,Card,Successful,0
PAY01047,E01047,2025-12-13,599,PayPal,Successful,0
PAY01048,E01048,2025-04-28,549,Bank Transfer,Successful,0
PAY01049,E01049,2024-07-11,399,Card,Successful,0
PAY01050,E01050,2024-04-11,399,PayPal,Successful,0
PAY01051,E01051,2025-03-04,449,Bank Transfer,Successful,0
PAY01052,E01052,2024-02-20,499,PayPal,Failed,0
PAY01053,E01053,2024-06-16,549,PayPal,Successful,0
PAY01054,E01054,2024-03-08,499,PayPal,Successful,0
PAY01055,E01055,2024-05-04,449,PayPal,Successful,0
PAY01056,E01056,2024-07-01,399,PayPal,Successful,0
PAY01057,E01057,2024-11-29,449,PayPal,Successful,0
PAY01058,E01058,2025-05-21,399,PayPal,Successful,0
PAY01059,E01059,2025-07-07,599,Bank Transfer,Successful,0
PAY01060,E01060,2025-10-24,599,Card,Successful,0
PAY01061,E01061,2024-10-08,549,PayPal,Refunded,549
PAY01062,E01062,2025-04-25,549,Bank Transfer,Successful,0
PAY01063,E01063,2025-04-14,449,Bank Transfer,Successful,0
PAY01064,E01064,2025-03-19,599,Card,Successful,0
PAY01065,E01065,2024-03-12,599,PayPal,Refunded,599
PAY01066,E01066,2025-01-23,499,Bank Transfer,Successful,0
PAY01067,E01067,2024-12-22,449,Card,Successful,0
PAY01068,E01068,2024-06-12,449,Bank Transfer,Successful,0
PAY01069,E01069,2025-06-12,449,Bank Transfer,Successful,0
PAY01070,E01070,2025-09-06,399,PayPal,Successful,0
PAY01071,E01071,2024-10-19,399,PayPal,Successful,0
PAY01072,E01072,2025-01-13,449,PayPal,Refunded,449
PAY01073,E01073,2024-10-25,549,Bank Transfer,Successful,0
PAY01074,E01074,2024-03-04,499,Card,Successful,0
PAY01075,E01075,2025-07-28,549,PayPal,Successful,0
PAY01076,E01076,2025-10-12,599,Bank Transfer,Successful,0
PAY01077,E01077,2024-10-27,599,Card,Successful,0
PAY01078,E01078,2024-02-29,499,Card,Successful,0
PAY01079,E01079,2025-02-21,449,PayPal,Successful,0
PAY01080,E01080,2025-04-09,449,Card,Failed,0
PAY01081,E01081,2024-12-24,599,Bank Transfer,Successful,0
PAY01082,E01082,2024-07-16,449,Card,Successful,0
PAY01083,E01083,2025-09-11,499,Card,Successful,0
PAY01084,E01084,2024-10-21,449,Bank Transfer,Successful,0
PAY01085,E01085,2025-03-05,399,Card,Successful,0
PAY01086,E01086,2025-02-22,549,PayPal,Successful,0
PAY01087,E01087,2025-10-22,499,PayPal,Successful,0
PAY01088,E01088,2025-09-28,599,Bank Transfer,Successful,0
PAY01089,E01089,2024-11-22,549,PayPal,Successful,0
PAY01090,E01090,2025-06-27,549,Bank Transfer,Failed,0
PAY01091,E01091,2024-04-14,399,Bank Transfer,Successful,0
PAY01092,E01092,2025-06-06,399,Card,Successful,0
PAY01093,E01093,2025-10-14,449,Card,Successful,0
PAY01094,E01094,2025-09-07,449,PayPal,Successful,0
PAY01095,E01095,2025-02-23,399,PayPal,Successful,0
PAY01096,E01096,2025-12-08,399,Bank Transfer,Successful,0
PAY01097,E01097,2024-02-28,499,PayPal,Successful,0
PAY01098,E01098,2025-05-26,599,Card,Successful,0
PAY01099,E01099,2025-04-09,499,PayPal,Successful,0
PAY01100,E01100,2025-06-29,399,Bank Transfer,Successful,0
PAY01101,E01101,2025-11-29,599,Card,Successful,0
PAY01102,E01102,2024-10-19,599,PayPal,Successful,0
PAY01103,E01103,2024-10-17,449,PayPal,Successful,0
PAY01104,E01104,2024-08-29,499,Bank Transfer,Successful,0
PAY01105,E01105,2024-05-03,549,PayPal,Successful,0
PAY01106,E01106,2024-07-18,399,Bank Transfer,Successful,0
PAY01107,E01107,2024-02-20,599,Bank Transfer,Successful,0
PAY01108,E01108,2024-07-23,449,PayPal,Successful,0
PAY01109,E01109,2025-12-06,449,Card,Successful,0
PAY01110,E01110,2024-04-29,549,Bank Transfer,Successful,0
PAY01111,E01111,2024-11-22,449,Card,Successful,0
PAY01112,E01112,2025-08-14,599,Bank Transfer,Successful,0
PAY01113,E01113,2025-11-24,449,Bank Transfer,Successful,0
PAY01114,E01114,2024-03-24,499,Bank Transfer,Successful,0
PAY01115,E01115,2024-06-08,449,Bank Transfer,Successful,0
PAY01116,E01116,2025-02-24,599,Card,Successful,0
PAY01117,E01117,2024-09-09,399,Bank Transfer,Successful,0
PAY01118,E01118,2025-01-20,499,PayPal,Successful,0
PAY01119,E01119,2025-08-04,449,PayPal,Successful,0
PAY01120,E01120,2024-10-19,549,PayPal,Successful,0
PAY01121,E01121,2024-03-09,449,Card,Successful,0
PAY01122,E01122,2025-10-09,399,Card,Successful,0
PAY01123,E01123,2025-02-19,599,Bank Transfer,Failed,0
PAY01124,E01124,2025-02-18,399,Card,Successful,0
PAY01125,E01125,2024-12-08,499,Card,Successful,0
PAY01126,E01126,2025-03-20,599,Bank Transfer,Successful,0
PAY01127,E01127,2025-01-25,599,Card,Successful,0
PAY01128,E01128,2024-06-28,599,Card,Successful,0
PAY01129,E01129,2025-10-04,399,PayPal,Successful,0
PAY01130,E01130,2025-08-16,549,Bank Transfer,Successful,0
PAY01131,E01131,2025-06-13,599,Card,Successful,0
PAY01132,E01132,2024-03-20,599,Bank Transfer,Successful,0
PAY01133,E01133,2024-12-01,549,PayPal,Successful,0
PAY01134,E01134,2024-08-11,499,PayPal,Successful,0
PAY01135,E01135,2025-03-26,549,Bank Transfer,Refunded,549
PAY01136,E01136,2024-05-22,399,PayPal,Successful,0
PAY01137,E01137,2025-07-05,449,Card,Successful,0
PAY01138,E01138,2024-10-19,599,Bank Transfer,Successful,0
PAY01139,E01139,2024-07-11,499,Bank Transfer,Successful,0
PAY01140,E01140,2024-03-13,449,Bank Transfer,Successful,0
PAY01141,E01141,2024-08-25,549,Card,Successful,0
PAY01142,E01142,2024-08-13,399,Card,Successful,0
PAY01143,E01143,2025-10-04,499,Card,Successful,0
PAY01144,E01144,2025-04-25,449,Card,Successful,0
PAY01145,E01145,2025-08-08,549,Card,Successful,0
PAY01146,E01146,2024-05-01,449,Bank Transfer,Successful,0
PAY01147,E01147,2025-01-02,449,PayPal,Successful,0
PAY01148,E01148,2024-07-24,449,Bank Transfer,Successful,0
PAY01149,E01149,2024-12-14,549,PayPal,Failed,0
PAY01150,E01150,2025-12-03,549,Bank Transfer,Successful,0
PAY01151,E01151,2024-11-16,499,PayPal,Successful,0
PAY01152,E01152,2025-03-25,449,Card,Successful,0
PAY01153,E01153,2024-06-03,399,Card,Successful,0
PAY01154,E01154,2024-10-08,399,PayPal,Successful,0
PAY01155,E01155,2024-04-08,499,Bank Transfer,Successful,0
PAY01156,E01156,2024-03-19,549,Card,Successful,0
PAY01157,E01157,2025-11-01,399,PayPal,Successful,0
PAY01158,E01158,2024-04-21,499,Bank Transfer,Successful,0
PAY01159,E01159,2025-07-20,399,PayPal,Successful,0
PAY01160,E01160,2025-09-28,449,Bank Transfer,Successful,0
PAY01161,E01161,2025-04-02,599,PayPal,Refunded,599
PAY01162,E01162,2025-10-23,449,Card,Successful,0
PAY01163,E01163,2026-01-07,449,Bank Transfer,Successful,0
PAY01164,E01164,2025-06-27,399,PayPal,Successful,0
PAY01165,E01165,2025-10-28,449,Card,Successful,0
PAY01166,E01166,2025-02-17,449,Card,Successful,0
PAY01167,E01167,2024-07-17,599,PayPal,Successful,0
PAY01168,E01168,2025-11-30,599,Bank Transfer,Successful,0
PAY01169,E01169,2024-11-05,399,PayPal,Successful,0
PAY01170,E01170,2025-02-06,499,PayPal,Successful,0
PAY01171,E01171,2025-03-17,399,PayPal,Successful,0
PAY01172,E01172,2025-07-14,499,PayPal,Successful,0
PAY01173,E01173,2026-01-08,549,Card,Successful,0
PAY01174,E01174,2025-08-05,399,Card,Failed,0
PAY01175,E01175,2025-02-05,499,Bank Transfer,Successful,0
PAY01176,E01176,2025-09-22,449,PayPal,Successful,0
PAY01177,E01177,2025-01-02,499,Card,Successful,0
PAY01178,E01178,2024-07-13,449,Card,Successful,0
PAY01179,E01179,2025-08-24,449,Card,Successful,0
PAY01180,E01180,2024-04-23,399,Bank Transfer,Successful,0
PAY01181,E01181,2024-04-26,399,Bank Transfer,Successful,0
PAY01182,E01182,2025-05-21,599,Card,Successful,0
PAY01183,E01183,2024-08-15,449,PayPal,Successful,0
PAY01184,E01184,2024-05-30,399,PayPal,Successful,0
PAY01185,E01185,2024-03-24,549,Bank Transfer,Successful,0
PAY01186,E01186,2024-05-01,449,Card,Successful,0
PAY01187,E01187,2025-02-14,499,PayPal,Successful,0
PAY01188,E01188,2025-09-24,449,PayPal,Successful,0
PAY01189,E01189,2024-12-28,549,PayPal,Successful,0
PAY01190,E01190,2025-12-14,599,Bank Transfer,Successful,0
PAY01191,E01191,2025-10-28,449,Bank Transfer,Successful,0
PAY01192,E01192,2025-03-24,549,Bank Transfer,Successful,0
PAY01193,E01193,2025-06-10,599,PayPal,Successful,0
PAY01194,E01194,2025-01-01,599,Bank Transfer,Successful,0
PAY01195,E01195,2025-02-21,599,PayPal,Refunded,599
PAY01196,E01196,2024-03-12,499,PayPal,Successful,0
PAY01197,E01197,2025-06-03,599,PayPal,Successful,0
PAY01198,E01198,2024-04-17,549,PayPal,Successful,0
PAY01199,E01199,2024-03-17,599,Bank Transfer,Failed,0
PAY01200,E01200,2025-03-18,399,PayPal,Successful,0
PAY01201,E01201,2025-12-02,499,Bank Transfer,Successful,0
PAY01202,E01202,2025-12-19,499,Bank Transfer,Successful,0
PAY01203,E01203,2024-01-06,449,Card,Successful,0
PAY01204,E01204,2024-08-28,599,Bank Transfer,Successful,0
PAY01205,E01205,2024-05-29,499,Card,Successful,0
PAY01206,E01206,2024-02-24,549,PayPal,Successful,0
PAY01207,E01207,2026-01-06,549,PayPal,Successful,0
PAY01208,E01208,2025-12-23,599,Bank Transfer,Successful,0
PAY01209,E01209,2025-09-30,599,PayPal,Successful,0
PAY01210,E01210,2025-11-27,549,Bank Transfer,Successful,0
PAY01211,E01211,2025-08-20,499,Card,Successful,0
PAY01212,E01212,2024-06-10,549,Card,Successful,0
PAY01213,E01213,2025-07-21,399,Bank Transfer,Successful,0
PAY01214,E01214,2025-09-25,499,PayPal,Successful,0
PAY01215,E01215,2025-06-24,599,PayPal,Successful,0
PAY01216,E01216,2025-02-07,599,Bank Transfer,Successful,0
PAY01217,E01217,2025-03-01,449,Bank Transfer,Successful,0
PAY01218,E01218,2025-11-07,549,Card,Failed,0
PAY01219,E01219,2025-01-13,449,PayPal,Successful,0
PAY01220,E01220,2025-03-11,549,Bank Transfer,Successful,0
PAY01221,E01221,2025-12-29,499,PayPal,Successful,0
PAY01222,E01222,2025-02-01,449,Bank Transfer,Successful,0
PAY01223,E01223,2025-06-15,399,Card,Successful,0
PAY01224,E01224,2024-08-23,449,Card,Successful,0
PAY01225,E01225,2024-02-18,399,Bank Transfer,Successful,0
PAY01226,E01226,2025-06-22,549,Card,Successful,0
PAY01227,E01227,2025-01-31,599,Card,Successful,0
PAY01228,E01228,2024-03-08,549,Card,Successful,0
PAY01229,E01229,2025-02-23,499,PayPal,Successful,0
PAY01230,E01230,2025-04-05,399,PayPal,Successful,0
PAY01231,E01231,2025-08-18,499,Bank Transfer,Successful,0
PAY01232,E01232,2025-07-07,449,PayPal,Successful,0
PAY01233,E01233,2024-04-19,499,Bank Transfer,Successful,0
PAY01234,E01234,2024-04-16,549,Bank Transfer,Successful,0
PAY01235,E01235,2024-09-24,399,PayPal,Successful,0
PAY01236,E01236,2025-04-28,399,Bank Transfer,Successful,0
PAY01237,E01237,2025-09-02,499,Card,Successful,0
PAY01238,E01238,2024-12-22,549,Card,Successful,0
PAY01239,E01239,2024-04-25,399,PayPal,Successful,0
PAY01240,E01240,2024-08-22,599,Bank Transfer,Successful,0
PAY01241,E01241,2024-06-26,549,Bank Transfer,Successful,0
PAY01242,E01242,2024-03-03,449,Card,Successful,0
PAY01243,E01243,2025-11-01,549,PayPal,Successful,0
PAY01244,E01244,2025-01-30,599,Bank Transfer,Successful,0
PAY01245,E01245,2024-02-21,549,Bank Transfer,Successful,0
PAY01246,E01246,2025-10-18,599,Card,Successful,0
PAY01247,E01247,2024-05-21,549,Bank Transfer,Failed,0
PAY01248,E01248,2024-12-03,499,PayPal,Successful,0
PAY01249,E01249,2025-10-11,499,Bank Transfer,Refunded,499
PAY01250,E01250,2025-10-15,549,Bank Transfer,Successful,0
PAY01251,E01251,2024-05-02,549,Bank Transfer,Successful,0
PAY01252,E01252,2024-05-24,399,Card,Successful,0
PAY01253,E01253,2025-02-14,399,PayPal,Successful,0
PAY01254,E01254,2025-10-20,499,PayPal,Refunded,499
PAY01255,E01255,2025-03-29,449,PayPal,Successful,0
PAY01256,E01256,2024-09-11,549,Card,Successful,0
PAY01257,E01257,2024-03-22,599,Bank Transfer,Successful,0
PAY01258,E01258,2025-06-17,549,Bank Transfer,Successful,0
PAY01259,E01259,2024-02-12,549,Bank Transfer,Successful,0
PAY01260,E01260,2024-03-15,599,Bank Transfer,Successful,0
PAY01261,E01261,2024-06-09,499,Card,Successful,0
PAY01262,E01262,2025-06-18,449,Card,Successful,0
PAY01263,E01263,2025-09-28,499,Bank Transfer,Successful,0
PAY01264,E01264,2025-06-01,399,Bank Transfer,Successful,0
PAY01265,E01265,2025-06-30,449,Bank Transfer,Successful,0
PAY01266,E01266,2024-12-05,449,PayPal,Successful,0
PAY01267,E01267,2025-07-11,399,Card,Successful,0
PAY01268,E01268,2025-12-31,449,PayPal,Successful,0
PAY01269,E01269,2025-06-21,549,Bank Transfer,Failed,0
PAY01270,E01270,2025-02-18,449,Card,Failed,0
PAY01271,E01271,2024-08-31,599,PayPal,Successful,0
PAY01272,E01272,2024-04-07,449,Bank Transfer,Failed,0
PAY01273,E01273,2024-06-26,499,Card,Successful,0
PAY01274,E01274,2025-09-21,599,Card,Successful,0
PAY01275,E01275,2024-10-11,399,PayPal,Successful,0
PAY01276,E01276,2025-07-12,399,Card,Successful,0
PAY01277,E01277,2025-02-28,399,Bank Transfer,Successful,0
PAY01278,E01278,2025-07-12,549,Bank Transfer,Successful,0
PAY01279,E01279,2025-11-05,549,Card,Successful,0
PAY01280,E01280,2024-04-08,449,PayPal,Successful,0
PAY01281,E01281,2025-02-17,399,Bank Transfer,Successful,0
PAY01282,E01282,2024-12-27,399,PayPal,Successful,0
PAY01283,E01283,2024-12-29,549,Card,Successful,0
PAY01284,E01284,2025-11-14,449,PayPal,Successful,0
PAY01285,E01285,2025-01-15,599,Card,Successful,0
PAY01286,E01286,2024-04-03,499,Card,Successful,0
PAY01287,E01287,2025-02-04,449,Card,Successful,0
PAY01288,E01288,2024-06-15,399,Bank Transfer,Successful,0
PAY01289,E01289,2025-04-28,399,Bank Transfer,Successful,0
PAY01290,E01290,2025-11-01,599,Card,Successful,0
PAY01291,E01291,2025-01-30,499,Card,Successful,0
PAY01292,E01292,2024-12-10,549,PayPal,Successful,0
PAY01293,E01293,2025-08-22,549,Bank Transfer,Successful,0
PAY01294,E01294,2024-03-28,399,PayPal,Successful,0
PAY01295,E01295,2024-08-29,449,Bank Transfer,Successful,0
PAY01296,E01296,2026-01-06,449,PayPal,Successful,0
PAY01297,E01297,2024-08-14,449,Card,Successful,0
PAY01298,E01298,2025-05-23,549,Card,Successful,0
PAY01299,E01299,2024-08-16,599,Bank Transfer,Successful,0
PAY01300,E01300,2025-07-29,399,Bank Transfer,Successful,0
PAY01301,E01301,2024-11-03,549,PayPal,Successful,0
PAY01302,E01302,2025-06-29,549,Card,Successful,0
PAY01303,E01303,2025-12-09,449,Bank Transfer,Successful,0
PAY01304,E01304,2024-08-17,549,PayPal,Successful,0
PAY01305,E01305,2025-10-14,599,Card,Successful,0
PAY01306,E01306,2025-06-25,599,PayPal,Successful,0
PAY01307,E01307,2025-09-03,399,PayPal,Successful,0
PAY01308,E01308,2024-09-17,399,PayPal,Successful,0
PAY01309,E01309,2025-03-29,549,Card,Successful,0
PAY01310,E01310,2025-11-19,399,PayPal,Successful,0
PAY01311,E01311,2025-06-12,549,Bank Transfer,Successful,0
PAY01312,E01312,2024-10-06,399,Card,Successful,0
PAY01313,E01313,2025-12-04,599,Card,Successful,0
PAY01314,E01314,2024-09-03,599,PayPal,Successful,0
PAY01315,E01315,2024-09-02,599,Card,Successful,0
PAY01316,E01316,2026-01-12,599,Card,Successful,0
PAY01317,E01317,2024-12-12,599,Card,Successful,0
PAY01318,E01318,2025-06-16,549,Bank Transfer,Successful,0
PAY01319,E01319,2026-01-03,399,Card,Successful,0
PAY01320,E01320,2025-10-15,599,Bank Transfer,Successful,0
PAY01321,E01321,2024-06-01,399,Bank Transfer,Successful,0
PAY01322,E01322,2024-09-10,549,PayPal,Refunded,549
PAY01323,E01323,2025-03-03,549,PayPal,Successful,0
PAY01324,E01324,2025-04-26,449,PayPal,Successful,0
PAY01325,E01325,2025-05-09,399,PayPal,Successful,0
PAY01326,E01326,2024-01-29,549,Card,Successful,0
PAY01327,E01327,2025-07-15,549,PayPal,Successful,0
PAY01328,E01328,2024-09-21,399,Bank Transfer,Refunded,399
PAY01329,E01329,2024-12-12,599,Card,Successful,0
PAY01330,E01330,2024-12-06,599,Bank Transfer,Successful,0
PAY01331,E01331,2024-11-26,449,Card,Successful,0
PAY01332,E01332,2024-12-04,399,Bank Transfer,Successful,0
PAY01333,E01333,2025-08-30,499,Bank Transfer,Successful,0
PAY01334,E01334,2025-08-01,449,Bank Transfer,Refunded,449
PAY01335,E01335,2024-11-09,449,PayPal,Successful,0
PAY01336,E01336,2025-08-06,499,PayPal,Successful,0
PAY01337,E01337,2024-02-25,449,Card,Successful,0
PAY01338,E01338,2025-06-27,499,Bank Transfer,Successful,0
PAY01339,E01339,2024-08-05,599,PayPal,Successful,0
PAY01340,E01340,2024-11-29,399,Bank Transfer,Successful,0
PAY01341,E01341,2024-06-21,499,Card,Successful,0
PAY01342,E01342,2024-08-17,399,PayPal,Successful,0
PAY01343,E01343,2025-10-16,399,Card,Successful,0
PAY01344,E01344,2024-03-02,499,PayPal,Successful,0
PAY01345,E01345,2025-09-25,399,PayPal,Successful,0
PAY01346,E01346,2024-07-17,399,Bank Transfer,Successful,0
PAY01347,E01347,2025-11-26,549,Card,Successful,0
PAY01348,E01348,2024-10-09,599,PayPal,Successful,0
PAY01349,E01349,2025-03-25,599,Bank Transfer,Successful,0
PAY01350,E01350,2024-06-14,599,Bank Transfer,Successful,0
PAY01351,E01351,2024-02-26,399,PayPal,Successful,0
PAY01352,E01352,2024-10-07,449,Card,Successful,0
PAY01353,E01353,2024-06-19,499,Bank Transfer,Successful,0
PAY01354,E01354,2025-08-28,599,Bank Transfer,Successful,0
PAY01355,E01355,2025-10-23,499,Bank Transfer,Successful,0
PAY01356,E01356,2025-05-11,449,Bank Transfer,Successful,0
PAY01357,E01357,2024-12-05,549,Bank Transfer,Successful,0
PAY01358,E01358,2024-04-01,399,Card,Successful,0
PAY01359,E01359,2026-01-15,599,Card,Successful,0
PAY01360,E01360,2025-07-07,499,Bank Transfer,Successful,0
PAY01361,E01361,2024-08-11,399,Card,Successful,0
PAY01362,E01362,2026-01-02,449,Card,Refunded,449
PAY01363,E01363,2025-10-30,399,Bank Transfer,Successful,0
PAY01364,E01364,2025-01-08,599,Bank Transfer,Successful,0
PAY01365,E01365,2025-07-26,499,Card,Successful,0
PAY01366,E01366,2024-11-13,599,Card,Successful,0
PAY01367,E01367,2024-05-20,549,Card,Successful,0
PAY01368,E01368,2024-12-27,599,Card,Successful,0
PAY01369,E01369,2025-05-19,499,Bank Transfer,Successful,0
PAY01370,E01370,2025-04-15,549,Card,Successful,0
PAY01371,E01371,2024-05-03,399,Bank Transfer,Successful,0
PAY01372,E01372,2025-06-27,599,Card,Successful,0
PAY01373,E01373,2025-03-17,449,Bank Transfer,Refunded,449
PAY01374,E01374,2025-01-01,549,Bank Transfer,Successful,0
PAY01375,E01375,2025-11-08,399,PayPal,Successful,0
PAY01376,E01376,2025-06-13,549,Card,Successful,0
PAY01377,E01377,2024-05-08,399,Card,Successful,0
PAY01378,E01378,2024-05-29,399,Bank Transfer,Successful,0
PAY01379,E01379,2025-12-13,499,PayPal,Refunded,499
PAY01380,E01380,2026-02-07,599,PayPal,Successful,0
PAY01381,E01381,2025-06-28,499,Card,Successful,0
PAY01382,E01382,2025-10-17,449,Card,Successful,0
PAY01383,E01383,2025-10-20,399,Card,Successful,0
PAY01384,E01384,2024-10-12,399,Bank Transfer,Successful,0
PAY01385,E01385,2024-09-25,599,PayPal,Failed,0
PAY01386,E01386,2025-07-20,499,PayPal,Successful,0
PAY01387,E01387,2024-06-05,449,PayPal,Successful,0
PAY01388,E01388,2025-11-18,449,Card,Successful,0
PAY01389,E01389,2025-11-11,499,PayPal,Successful,0
PAY01390,E01390,2024-04-02,599,PayPal,Successful,0
PAY01391,E01391,2024-03-06,449,PayPal,Successful,0
PAY01392,E01392,2025-03-07,499,PayPal,Successful,0
PAY01393,E01393,2024-02-18,399,Bank Transfer,Successful,0
PAY01394,E01394,2025-10-06,599,Bank Transfer,Successful,0
PAY01395,E01395,2025-06-12,499,Bank Transfer,Successful,0
PAY01396,E01396,2024-08-05,499,Card,Successful,0
PAY01397,E01397,2024-07-24,549,PayPal,Successful,0
PAY01398,E01398,2024-07-27,399,Bank Transfer,Successful,0
PAY01399,E01399,2024-02-13,599,Card,Successful,0
PAY01400,E01400,2025-01-27,399,Bank Transfer,Failed,0
PAY01401,E01401,2024-11-16,499,Card,Successful,0
PAY01402,E01402,2025-07-30,599,PayPal,Successful,0
PAY01403,E01403,2024-07-14,399,Card,Successful,0
PAY01404,E01404,2024-09-16,599,PayPal,Successful,0
PAY01405,E01405,2025-03-25,599,PayPal,Successful,0
PAY01406,E01406,2024-07-01,449,Card,Successful,0
PAY01407,E01407,2025-10-24,599,Card,Refunded,599
PAY01408,E01408,2025-01-10,599,Card,Refunded,599
PAY01409,E01409,2024-09-30,499,Bank Transfer,Successful,0
PAY01410,E01410,2025-07-23,399,Bank Transfer,Successful,0
PAY01411,E01411,2024-10-19,599,Card,Refunded,599
PAY01412,E01412,2025-04-04,599,PayPal,Successful,0
PAY01413,E01413,2024-07-19,599,Card,Successful,0
PAY01414,E01414,2025-04-15,399,PayPal,Refunded,399
PAY01415,E01415,2025-07-28,599,PayPal,Successful,0
PAY01416,E01416,2024-12-12,399,Bank Transfer,Refunded,399
PAY01417,E01417,2024-02-27,549,Card,Successful,0
PAY01418,E01418,2025-10-03,449,PayPal,Successful,0
PAY01419,E01419,2024-12-11,449,Bank Transfer,Failed,0
PAY01420,E01420,2025-01-17,449,Bank Transfer,Successful,0
PAY01421,E01421,2026-01-09,449,PayPal,Successful,0
PAY01422,E01422,2024-07-05,399,PayPal,Successful,0
PAY01423,E01423,2024-03-23,449,PayPal,Successful,0
PAY01424,E01424,2025-02-13,399,Bank Transfer,Successful,0
PAY01425,E01425,2024-03-10,549,PayPal,Successful,0
PAY01426,E01426,2025-07-29,549,Card,Successful,0
PAY01427,E01427,2025-11-15,449,PayPal,Failed,0
PAY01428,E01428,2025-01-01,499,Card,Refunded,499
PAY01429,E01429,2025-12-25,599,Bank Transfer,Successful,0
PAY01430,E01430,2024-05-05,599,Bank Transfer,Successful,0
PAY01431,E01431,2025-10-26,599,PayPal,Successful,0
PAY01432,E01432,2025-01-28,549,Card,Successful,0
PAY01433,E01433,2025-07-15,499,Card,Successful,0
PAY01434,E01434,2025-08-24,549,Bank Transfer,Successful,0
PAY01435,E01435,2024-04-18,449,Card,Successful,0
PAY01436,E01436,2025-12-15,399,Card,Refunded,399
PAY01437,E01437,2024-02-18,399,PayPal,Successful,0
PAY01438,E01438,2025-02-02,449,PayPal,Successful,0
PAY01439,E01439,2024-12-14,399,Card,Successful,0
PAY01440,E01440,2024-05-10,449,PayPal,Successful,0
PAY01441,E01441,2024-02-07,599,Card,Successful,0
PAY01442,E01442,2026-02-08,599,Card,Successful,0
PAY01443,E01443,2024-10-11,599,Card,Successful,0
PAY01444,E01444,2025-07-02,599,PayPal,Successful,0
PAY01445,E01445,2024-08-07,599,PayPal,Successful,0
PAY01446,E01446,2024-12-21,449,Bank Transfer,Successful,0
PAY01447,E01447,2025-02-21,499,Bank Transfer,Failed,0
PAY01448,E01448,2024-05-25,599,Card,Successful,0
PAY01449,E01449,2025-01-17,599,Card,Successful,0
PAY01450,E01450,2024-04-08,499,PayPal,Successful,0
PAY01451,E01451,2025-07-07,599,PayPal,Successful,0
PAY01452,E01452,2025-09-01,499,Card,Successful,0
PAY01453,E01453,2024-03-06,449,Card,Successful,0
PAY01454,E01454,2024-10-19,549,Bank Transfer,Successful,0
PAY01455,E01455,2024-08-28,549,Bank Transfer,Failed,0
PAY01456,E01456,2025-10-07,499,Bank Transfer,Successful,0
PAY01457,E01457,2024-05-24,499,Bank Transfer,Successful,0
PAY01458,E01458,2025-03-18,549,PayPal,Successful,0
PAY01459,E01459,2024-03-19,449,Card,Successful,0
PAY01460,E01460,2025-08-16,449,Card,Successful,0
PAY01461,E01461,2025-02-27,399,Card,Successful,0
PAY01462,E01462,2024-12-12,599,PayPal,Failed,0
PAY01463,E01463,2024-02-05,449,Card,Successful,0
PAY01464,E01464,2024-11-11,599,Card,Successful,0
PAY01465,E01465,2025-12-25,499,PayPal,Successful,0
PAY01466,E01466,2024-11-10,499,Bank Transfer,Successful,0
PAY01467,E01467,2025-09-17,399,PayPal,Successful,0
PAY01468,E01468,2025-09-01,399,Card,Successful,0
PAY01469,E01469,2024-04-13,499,Card,Successful,0
PAY01470,E01470,2024-03-13,499,Card,Successful,0
PAY01471,E01471,2025-12-02,449,PayPal,Successful,0
PAY01472,E01472,2025-04-11,399,Bank Transfer,Successful,0
PAY01473,E01473,2025-02-12,399,PayPal,Successful,0
PAY01474,E01474,2024-01-27,399,Bank Transfer,Successful,0
PAY01475,E01475,2026-01-30,599,Card,Refunded,599
PAY01476,E01476,2025-08-23,449,Card,Successful,0
PAY01477,E01477,2025-09-03,449,PayPal,Failed,0
PAY01478,E01478,2025-03-16,399,Bank Transfer,Successful,0
PAY01479,E01479,2024-05-01,449,Bank Transfer,Successful,0
PAY01480,E01480,2024-05-13,499,Card,Successful,0
PAY01481,E01481,2024-10-26,499,Card,Successful,0
PAY01482,E01482,2025-12-14,399,Bank Transfer,Refunded,399
PAY01483,E01483,2025-08-22,499,Card,Successful,0
PAY01484,E01484,2025-11-23,599,Bank Transfer,Successful,0
PAY01485,E01485,2024-05-20,399,Card,Successful,0
PAY01486,E01486,2024-07-03,499,Bank Transfer,Successful,0
PAY01487,E01487,2024-08-03,449,Bank Transfer,Successful,0
PAY01488,E01488,2025-06-23,499,Bank Transfer,Successful,0
PAY01489,E01489,2024-04-09,499,Card,Successful,0
PAY01490,E01490,2025-07-12,399,Card,Successful,0
PAY01491,E01491,2024-01-18,399,Card,Successful,0
PAY01492,E01492,2024-07-12,399,Bank Transfer,Successful,0
PAY01493,E01493,2024-03-21,549,Bank Transfer,Successful,0
PAY01494,E01494,2025-09-15,399,Card,Successful,0
PAY01495,E01495,2025-07-11,499,Card,Successful,0
PAY01496,E01496,2025-05-31,499,PayPal,Refunded,499
PAY01497,E01497,2024-11-10,449,Card,Successful,0
PAY01498,E01498,2024-05-15,599,Card,Successful,0
PAY01499,E01499,2025-02-14,549,Card,Successful,0
PAY01500,E01500,2025-08-29,399,Bank Transfer,Successful,0
PAY01501,E01501,2024-09-20,449,PayPal,Successful,0
PAY01502,E01502,2024-05-24,449,Card,Successful,0
PAY01503,E01503,2025-08-07,499,PayPal,Successful,0
PAY01504,E01504,2025-08-23,399,Card,Successful,0
PAY01505,E01505,2024-04-17,599,Card,Successful,0
PAY01506,E01506,2024-09-02,499,Bank Transfer,Successful,0
PAY01507,E01507,2024-08-28,449,PayPal,Refunded,449
PAY01508,E01508,2024-09-30,449,PayPal,Successful,0
PAY01509,E01509,2025-12-04,399,PayPal,Successful,0
PAY01510,E01510,2025-04-24,499,Card,Successful,0
PAY01511,E01511,2025-11-14,499,Card,Successful,0
PAY01512,E01512,2024-12-30,499,Bank Transfer,Successful,0
PAY01513,E01513,2025-12-26,499,Bank Transfer,Successful,0
PAY01514,E01514,2024-06-16,449,Card,Successful,0
PAY01515,E01515,2025-11-05,399,Bank Transfer,Successful,0
PAY01516,E01516,2024-09-07,499,Card,Successful,0
PAY01517,E01517,2025-01-26,449,Card,Successful,0
PAY01518,E01518,2024-09-22,499,Card,Successful,0
PAY01519,E01519,2024-02-29,499,Card,Refunded,499
PAY01520,E01520,2024-07-06,499,Card,Successful,0
PAY01521,E01521,2024-08-11,499,Card,Successful,0
PAY01522,E01522,2025-11-10,499,Card,Successful,0
PAY01523,E01523,2025-12-12,599,Bank Transfer,Successful,0
PAY01524,E01524,2025-06-13,449,PayPal,Successful,0
PAY01525,E01525,2025-04-26,449,Bank Transfer,Successful,0
PAY01526,E01526,2025-08-16,599,Card,Successful,0
PAY01527,E01527,2024-02-23,549,PayPal,Successful,0
PAY01528,E01528,2024-03-09,549,PayPal,Successful,0
PAY01529,E01529,2024-05-02,599,Bank Transfer,Successful,0
PAY01530,E01530,2025-09-26,599,Bank Transfer,Successful,0
PAY01531,E01531,2025-06-20,449,Card,Successful,0
PAY01532,E01532,2024-03-05,549,PayPal,Refunded,549
PAY01533,E01533,2025-02-01,399,PayPal,Refunded,399
PAY01534,E01534,2024-12-11,599,PayPal,Successful,0
PAY01535,E01535,2025-06-28,499,Card,Successful,0
PAY01536,E01536,2025-10-19,499,Card,Successful,0
PAY01537,E01537,2025-10-04,449,Bank Transfer,Successful,0
PAY01538,E01538,2024-08-28,499,PayPal,Successful,0
PAY01539,E01539,2024-12-21,449,Bank Transfer,Successful,0
PAY01540,E01540,2024-09-16,549,Bank Transfer,Successful,0
PAY01541,E01541,2025-06-25,549,Bank Transfer,Successful,0
PAY01542,E01542,2024-03-04,399,Bank Transfer,Successful,0
PAY01543,E01543,2025-08-03,599,Card,Successful,0
PAY01544,E01544,2025-08-26,599,Card,Successful,0
PAY01545,E01545,2025-04-17,599,PayPal,Successful,0
PAY01546,E01546,2024-03-14,449,Bank Transfer,Successful,0
PAY01547,E01547,2025-11-07,599,Card,Successful,0
PAY01548,E01548,2024-07-24,599,Bank Transfer,Successful,0
PAY01549,E01549,2024-11-16,599,Card,Successful,0
PAY01550,E01550,2024-12-14,499,Card,Successful,0
PAY01551,E01551,2025-09-24,449,Bank Transfer,Successful,0
PAY01552,E01552,2025-10-03,549,Card,Successful,0
PAY01553,E01553,2024-06-03,449,Bank Transfer,Successful,0
PAY01554,E01554,2024-04-19,449,PayPal,Successful,0
PAY01555,E01555,2025-08-12,499,PayPal,Successful,0
PAY01556,E01556,2024-08-19,499,Bank Transfer,Successful,0
PAY01557,E01557,2024-07-21,449,PayPal,Successful,0
PAY01558,E01558,2025-08-03,449,Bank Transfer,Successful,0
PAY01559,E01559,2024-10-15,449,Bank Transfer,Successful,0
PAY01560,E01560,2025-03-15,399,Bank Transfer,Successful,0
PAY01561,E01561,2024-02-29,399,Card,Successful,0
PAY01562,E01562,2025-07-15,499,Bank Transfer,Successful,0
PAY01563,E01563,2024-10-14,599,Card,Successful,0
PAY01564,E01564,2026-01-13,399,Card,Successful,0
PAY01565,E01565,2024-06-17,599,Card,Successful,0
PAY01566,E01566,2024-09-14,549,PayPal,Successful,0
PAY01567,E01567,2025-06-23,549,PayPal,Successful,0
PAY01568,E01568,2025-05-21,549,Card,Successful,0
PAY01569,E01569,2024-06-29,449,PayPal,Refunded,449
PAY01570,E01570,2024-03-27,599,Card,Successful,0
PAY01571,E01571,2024-05-27,599,Bank Transfer,Successful,0
PAY01572,E01572,2024-09-15,449,Bank Transfer,Successful,0
PAY01573,E01573,2024-08-17,449,Card,Refunded,449
PAY01574,E01574,2024-03-27,499,Bank Transfer,Successful,0
PAY01575,E01575,2025-09-24,499,PayPal,Successful,0
PAY01576,E01576,2025-11-20,449,Bank Transfer,Refunded,449
PAY01577,E01577,2024-08-12,449,Card,Successful,0
PAY01578,E01578,2025-05-06,449,PayPal,Successful,0
PAY01579,E01579,2024-04-24,549,Bank Transfer,Successful,0
PAY01580,E01580,2024-08-18,449,PayPal,Successful,0
PAY01581,E01581,2024-03-09,499,PayPal,Successful,0
PAY01582,E01582,2024-04-01,549,PayPal,Successful,0
PAY01583,E01583,2025-01-24,399,Card,Successful,0
PAY01584,E01584,2025-11-15,549,PayPal,Refunded,549
PAY01585,E01585,2024-04-19,399,Card,Failed,0
PAY01586,E01586,2024-08-09,549,Bank Transfer,Successful,0
PAY01587,E01587,2025-09-14,399,Card,Successful,0
PAY01588,E01588,2024-05-20,399,Card,Successful,0
PAY01589,E01589,2024-08-04,599,Card,Successful,0
PAY01590,E01590,2025-12-26,499,PayPal,Successful,0
PAY01591,E01591,2025-07-27,599,Bank Transfer,Failed,0
PAY01592,E01592,2025-04-10,549,Bank Transfer,Successful,0
PAY01593,E01593,2025-06-24,399,Card,Successful,0
PAY01594,E01594,2024-10-20,399,PayPal,Successful,0
PAY01595,E01595,2024-07-15,499,PayPal,Successful,0
PAY01596,E01596,2024-06-28,599,Bank Transfer,Successful,0
PAY01597,E01597,2024-06-14,449,Bank Transfer,Successful,0
PAY01598,E01598,2025-06-30,599,Card,Successful,0
PAY01599,E01599,2024-07-26,549,PayPal,Successful,0
PAY01600,E01600,2024-06-04,599,PayPal,Successful,0
PAY01601,E01601,2024-09-21,449,Bank Transfer,Successful,0
PAY01602,E01602,2024-07-29,449,PayPal,Successful,0
PAY01603,E01603,2024-07-23,549,PayPal,Successful,0
PAY01604,E01604,2024-03-24,449,Card,Successful,0
PAY01605,E01605,2024-12-26,549,PayPal,Successful,0
PAY01606,E01606,2024-11-09,449,Bank Transfer,Successful,0
PAY01607,E01607,2024-03-08,499,PayPal,Successful,0
PAY01608,E01608,2024-10-14,549,PayPal,Successful,0
PAY01609,E01609,2024-03-27,399,PayPal,Successful,0
PAY01610,E01610,2024-04-29,499,Bank Transfer,Successful,0
PAY01611,E01611,2024-04-09,449,PayPal,Successful,0
PAY01612,E01612,2025-07-21,599,Bank Transfer,Refunded,599
PAY01613,E01613,2025-08-09,399,PayPal,Successful,0
PAY01614,E01614,2024-04-08,499,Bank Transfer,Successful,0
PAY01615,E01615,2025-12-31,449,Card,Successful,0
PAY01616,E01616,2024-10-04,449,Card,Refunded,449
PAY01617,E01617,2025-07-02,449,Card,Successful,0
PAY01618,E01618,2024-11-21,499,Card,Refunded,499
PAY01619,E01619,2024-11-14,599,Card,Successful,0
PAY01620,E01620,2025-11-23,549,PayPal,Successful,0
PAY01621,E01621,2025-04-16,599,PayPal,Successful,0
PAY01622,E01622,2024-10-09,499,PayPal,Successful,0
PAY01623,E01623,2025-10-02,449,PayPal,Successful,0
PAY01624,E01624,2024-06-08,399,PayPal,Successful,0
PAY01625,E01625,2025-04-14,549,Bank Transfer,Successful,0
PAY01626,E01626,2024-01-16,549,PayPal,Successful,0
PAY01627,E01627,2025-07-20,549,PayPal,Successful,0
PAY01628,E01628,2025-07-19,599,PayPal,Successful,0
PAY01629,E01629,2024-10-11,549,Bank Transfer,Successful,0
PAY01630,E01630,2024-09-12,449,Bank Transfer,Successful,0
PAY01631,E01631,2025-08-27,549,Card,Successful,0
PAY01632,E01632,2024-09-15,549,Card,Successful,0
PAY01633,E01633,2024-11-08,449,PayPal,Successful,0
PAY01634,E01634,2024-03-29,449,PayPal,Refunded,449
PAY01635,E01635,2025-04-23,599,Bank Transfer,Successful,0
PAY01636,E01636,2025-05-16,549,Card,Successful,0
PAY01637,E01637,2025-10-13,449,PayPal,Successful,0
PAY01638,E01638,2024-12-05,599,PayPal,Refunded,599
PAY01639,E01639,2025-03-12,449,Card,Successful,0
PAY01640,E01640,2024-10-01,549,Card,Successful,0
PAY01641,E01641,2025-03-12,499,Bank Transfer,Successful,0
PAY01642,E01642,2025-02-17,449,Card,Successful,0
PAY01643,E01643,2024-04-22,599,Card,Successful,0
PAY01644,E01644,2024-04-11,399,Bank Transfer,Successful,0
PAY01645,E01645,2024-09-10,449,Bank Transfer,Successful,0
PAY01646,E01646,2024-08-27,399,Bank Transfer,Successful,0
PAY01647,E01647,2025-07-29,399,Bank Transfer,Successful,0
PAY01648,E01648,2024-10-01,449,PayPal,Successful,0
PAY01649,E01649,2025-05-08,399,Bank Transfer,Successful,0
PAY01650,E01650,2025-04-13,499,Bank Transfer,Successful,0
PAY01651,E01651,2024-05-26,499,PayPal,Successful,0
PAY01652,E01652,2024-11-05,499,PayPal,Successful,0
PAY01653,E01653,2025-10-13,449,PayPal,Successful,0
PAY01654,E01654,2025-08-07,449,Bank Transfer,Successful,0
PAY01655,E01655,2025-11-19,399,Card,Successful,0
PAY01656,E01656,2025-02-27,549,Card,Successful,0
PAY01657,E01657,2025-02-22,599,PayPal,Successful,0
PAY01658,E01658,2025-12-03,599,Bank Transfer,Successful,0
PAY01659,E01659,2024-12-23,399,Bank Transfer,Successful,0
PAY01660,E01660,2025-06-22,549,Bank Transfer,Successful,0
PAY01661,E01661,2024-02-09,399,Card,Successful,0
PAY01662,E01662,2024-10-14,599,PayPal,Successful,0
PAY01663,E01663,2025-02-15,599,Card,Successful,0
PAY01664,E01664,2025-03-27,499,Card,Successful,0
PAY01665,E01665,2024-09-10,449,Card,Refunded,449
PAY01666,E01666,2024-08-22,449,Card,Successful,0
PAY01667,E01667,2024-06-28,449,Card,Successful,0
PAY01668,E01668,2025-05-29,599,PayPal,Successful,0
PAY01669,E01669,2025-05-20,599,Bank Transfer,Successful,0
PAY01670,E01670,2025-03-27,549,PayPal,Successful,0
PAY01671,E01671,2024-08-26,499,Bank Transfer,Successful,0
PAY01672,E01672,2025-02-28,399,PayPal,Successful,0
PAY01673,E01673,2025-04-29,399,Card,Successful,0
PAY01674,E01674,2024-06-25,549,PayPal,Successful,0
PAY01675,E01675,2025-05-23,599,PayPal,Failed,0
PAY01676,E01676,2025-03-18,449,PayPal,Successful,0
PAY01677,E01677,2025-02-17,449,Bank Transfer,Successful,0
PAY01678,E01678,2024-08-11,499,Bank Transfer,Successful,0
PAY01679,E01679,2025-12-27,449,Bank Transfer,Successful,0
PAY01680,E01680,2025-08-04,399,PayPal,Successful,0
PAY01681,E01681,2025-09-08,399,Bank Transfer,Successful,0
PAY01682,E01682,2024-03-13,449,Bank Transfer,Successful,0
PAY01683,E01683,2025-07-08,549,Card,Successful,0
PAY01684,E01684,2025-07-19,449,PayPal,Failed,0
PAY01685,E01685,2024-05-23,499,PayPal,Successful,0
PAY01686,E01686,2025-10-20,399,Bank Transfer,Successful,0
PAY01687,E01687,2024-08-16,499,Card,Refunded,499
PAY01688,E01688,2025-08-28,449,PayPal,Successful,0
PAY01689,E01689,2025-09-18,399,Bank Transfer,Successful,0
PAY01690,E01690,2025-01-16,499,PayPal,Successful,0
PAY01691,E01691,2025-07-13,499,PayPal,Successful,0
PAY01692,E01692,2025-12-26,449,Bank Transfer,Successful,0
PAY01693,E01693,2025-10-11,499,PayPal,Successful,0
PAY01694,E01694,2025-03-11,549,Card,Successful,0
PAY01695,E01695,2025-01-29,599,PayPal,Successful,0
PAY01696,E01696,2025-06-06,499,Bank Transfer,Successful,0
PAY01697,E01697,2026-01-09,549,Bank Transfer,Successful,0
PAY01698,E01698,2025-01-28,599,PayPal,Successful,0
PAY01699,E01699,2025-04-25,599,Bank Transfer,Successful,0
PAY01700,E01700,2024-11-02,499,Bank Transfer,Successful,0
PAY01701,E01701,2024-10-18,499,Bank Transfer,Successful,0
PAY01702,E01702,2024-06-05,499,Bank Transfer,Successful,0
PAY01703,E01703,2024-07-20,499,Card,Failed,0
PAY01704,E01704,2024-03-12,549,PayPal,Successful,0
PAY01705,E01705,2025-07-23,399,PayPal,Successful,0
PAY01706,E01706,2025-10-15,599,Card,Successful,0
PAY01707,E01707,2025-05-07,449,PayPal,Successful,0
PAY01708,E01708,2025-01-23,399,Bank Transfer,Successful,0
PAY01709,E01709,2024-05-07,599,PayPal,Failed,0
PAY01710,E01710,2024-07-06,599,Card,Successful,0
PAY01711,E01711,2025-03-24,399,Bank Transfer,Refunded,399
PAY01712,E01712,2024-09-06,599,Bank Transfer,Failed,0
